ID,TargetF1,TargetRAUC
ID_TS_NEW_SBZAYD5I,0,0.17359694156661096
ID_TS_NEW_7SPRN3PB,1,0.5669268046817826
ID_TS_NEW_LZOWPHLC,0,0.14413796802499934
ID_TS_NEW_DN6TUF64,0,0.39071883417177045
ID_TS_NEW_95N82M49,0,0.06091734942482558
ID_TS_NEW_BFEAVD50,0,0.05714979981816617
ID_TS_NEW_D1E33N0Z,0,0.40874127552386047
ID_TS_NEW_C85XZKDC,0,0.03504022084801888
ID_TS_NEW_1Y90ZQUH,0,0.38755505234672566
ID_TS_NEW_MZJ5GJYB,0,0.02655988241332908
ID_TS_NEW_IUD9BRKX,0,0.12721591161017154
ID_TS_NEW_72QFA5EU,1,0.5481420661503172
ID_TS_NEW_47DGP36L,0,0.15441275998086648
ID_TS_NEW_HXTFGEV3,0,0.03309827215183604
ID_TS_NEW_VMPCF9WN,0,0.13012261559343574
ID_TS_NEW_NVPXE0VA,0,0.02711586545225938
ID_TS_NEW_8LL4PIL8,0,0.11929425624257926
ID_TS_NEW_HMDZLJIE,0,0.3048985712128516
ID_TS_NEW_PMX7SKJQ,0,0.05606454682491295
ID_TS_NEW_MO6E00DO,0,0.07457689385910891
ID_TS_NEW_2VZE6WN7,0,0.18927307166052917
ID_TS_NEW_SRGNZQZD,0,0.31117286084427837
ID_TS_NEW_1G52IQA5,0,0.05118270128647841
ID_TS_NEW_UGOK73FG,0,0.06756538381192784
ID_TS_NEW_T2466L38,0,0.3744019371760998
ID_TS_NEW_R0Q38OA8,0,0.05318164583088217
ID_TS_NEW_DDBN6OEU,0,0.099987047633727
ID_TS_NEW_O0U4YHI1,0,0.03910133600303922
ID_TS_NEW_I3F4EPVP,0,0.04304096137068742
ID_TS_NEW_31NYZBQP,0,0.01252430827557349
ID_TS_NEW_MFEBBK67,0,0.2581082086743632
ID_TS_NEW_UX1S7FH5,0,0.03536567640028877
ID_TS_NEW_1Q223ITD,0,0.0727096139024288
ID_TS_NEW_49RPQPQX,0,0.17324689828601553
ID_TS_NEW_5CI9XZZC,0,0.20185532619651045
ID_TS_NEW_KW7F7YT4,0,0.43001202260648713
ID_TS_NEW_JRDA0BSJ,0,0.3061832365488647
ID_TS_NEW_1GH47ZMP,0,0.04887168930451652
ID_TS_NEW_SIR5I0GB,0,0.06395661151854874
ID_TS_NEW_LF40N8CH,0,0.08580715451791825
ID_TS_NEW_BRIJYAHA,0,0.4092713981694676
ID_TS_NEW_LP0Z54YQ,0,0.06484691977467039
ID_TS_NEW_41FI7XCM,0,0.07390076777565992
ID_TS_NEW_APBNYDXR,0,0.06274971187877607
ID_TS_NEW_WZG3T1DJ,0,0.27368266073015995
ID_TS_NEW_YJ8V1JMK,0,0.09669699012699134
ID_TS_NEW_V0T94C5D,0,0.43991065402160084
ID_TS_NEW_0G2STM32,0,0.08651842813902119
ID_TS_NEW_1MX99FFB,1,0.6843386665256264
ID_TS_NEW_FQGEDJEM,0,0.01214577206636098
ID_TS_NEW_VS67WH7B,0,0.17402859921945968
ID_TS_NEW_833N4NO5,0,0.057404400352253165
ID_TS_NEW_5554YU3O,0,0.35187104529352997
ID_TS_NEW_25CF5N3E,1,0.7220949381832095
ID_TS_NEW_WPDJSTG0,0,0.2332982294981053
ID_TS_NEW_DGHY5358,0,0.15521491217504604
ID_TS_NEW_HKVL4CSD,0,0.02977772212939462
ID_TS_NEW_E8HFUOKY,0,0.07412259719639852
ID_TS_NEW_7EP92VXI,0,0.08616263119351113
ID_TS_NEW_KK65JUGM,0,0.4649060692618318
ID_TS_NEW_BVIUX9FH,0,0.13255760320590693
ID_TS_NEW_3E95I4NZ,0,0.3926532701583324
ID_TS_NEW_G76POS4W,1,0.596534848911092
ID_TS_NEW_EVGCEMI6,0,0.09608913706430282
ID_TS_NEW_02SGGVQX,0,0.25912109696325303
ID_TS_NEW_ANRFV6OD,0,0.1069335199029482
ID_TS_NEW_USFCKEAD,0,0.11232009440703904
ID_TS_NEW_VM7G3X94,0,0.03648526119662531
ID_TS_NEW_J9NW1M6J,0,0.11394933014354343
ID_TS_NEW_FDXMYNN9,0,0.17822483971324024
ID_TS_NEW_HUI71UZW,0,0.28760963427325736
ID_TS_NEW_1E1L3F3M,0,0.21819646178212893
ID_TS_NEW_657RGOA6,0,0.11668872628929278
ID_TS_NEW_MCIWQNMI,0,0.22614990652564515
ID_TS_NEW_91WVZG2W,0,0.2772143291371079
ID_TS_NEW_BJ7S4I1C,0,0.04012933637494237
ID_TS_NEW_PN1MGEY3,0,0.10946855251382971
ID_TS_NEW_NSBFB3EX,1,0.6692361323505932
ID_TS_NEW_4EMFUS6S,0,0.14046524745911174
ID_TS_NEW_365NWLEN,0,0.15031887104879282
ID_TS_NEW_S31BFP0C,0,0.08827973485908135
ID_TS_NEW_TXQLECUZ,0,0.030480997405047405
ID_TS_NEW_EGUYSWOR,0,0.18942498126757834
ID_TS_NEW_NY46P5AJ,0,0.042289601461759786
ID_TS_NEW_5NQZ6IM6,0,0.02738621981426327
ID_TS_NEW_0Y4B5NVC,0,0.023604041263626474
ID_TS_NEW_KFYH9796,0,0.35631647978614195
ID_TS_NEW_XWNMFK80,0,0.017329916621364357
ID_TS_NEW_YH3UPMDC,0,0.19850819957739016
ID_TS_NEW_RW3MXYQH,0,0.06480862739981327
ID_TS_NEW_91R6IB7E,0,0.08451425841261034
ID_TS_NEW_XGRBPFZK,0,0.07784136524099713
ID_TS_NEW_O5PQ5IUU,0,0.019446417961989704
ID_TS_NEW_08SRYYM6,0,0.3472023530496644
ID_TS_NEW_QJ0YH92G,1,0.7366085406811246
ID_TS_NEW_VVHUJ6MJ,0,0.3557259389610468
ID_TS_NEW_ME49YMX5,0,0.009861656039028503
ID_TS_NEW_E3JMQJPR,0,0.1665861633217082
ID_TS_NEW_HS9LREPN,0,0.0639569472493641
ID_TS_NEW_D1X8JYSS,0,0.22748954186584658
ID_TS_NEW_BY6YM2RU,0,0.1683408665135337
ID_TS_NEW_IQZOZ5N1,0,0.06371731077471306
ID_TS_NEW_KVPM2TBR,0,0.16415928734898405
ID_TS_NEW_ZLBVEY3T,0,0.1810333905473943
ID_TS_NEW_1Q1GIV3O,1,0.5217465196089799
ID_TS_NEW_V5HPRNCP,0,0.08389214727295716
ID_TS_NEW_V4Q5AQIE,0,0.1907867894349259
ID_TS_NEW_A27OEJZD,0,0.4296033544877083
ID_TS_NEW_IC2S6URH,0,0.058441781495259255
ID_TS_NEW_U76GTV2S,0,0.13462059608863702
ID_TS_NEW_ZYGZAKBM,0,0.07255503226197174
ID_TS_NEW_L0FXG04Z,0,0.14168119327722575
ID_TS_NEW_2HUGKCYS,0,0.4737350638072464
ID_TS_NEW_LOS601FR,0,0.11933441412363015
ID_TS_NEW_SCRYJ20E,0,0.01958884427037158
ID_TS_NEW_2QQGF6DK,0,0.25122322711682493
ID_TS_NEW_I394NPY1,0,0.07382247406060612
ID_TS_NEW_DRR5RI5M,0,0.23061826205816155
ID_TS_NEW_S49DLN5E,0,0.05070290617821306
ID_TS_NEW_2BY0U2SX,0,0.04981784424933671
ID_TS_NEW_747ISX6G,0,0.05975573255895578
ID_TS_NEW_O3DKNS93,0,0.04801569933277798
ID_TS_NEW_2DJVFG2T,0,0.1633500241064831
ID_TS_NEW_Z8J9NRN4,0,0.02479245410298196
ID_TS_NEW_DON4XV0Q,0,0.15359688850028738
ID_TS_NEW_XYOUK90U,0,0.01585439971724128
ID_TS_NEW_FN73QJ96,1,0.5134712807227841
ID_TS_NEW_9LLP9XZ8,0,0.3441263355448845
ID_TS_NEW_VEYIDDR9,1,0.7100167205771102
ID_TS_NEW_YB883A1Z,0,0.01614964386917929
ID_TS_NEW_COLBY04S,0,0.1859333410691602
ID_TS_NEW_SZNF4Q6I,0,0.34936304357797476
ID_TS_NEW_ABBCZLLX,0,0.23200123585716356
ID_TS_NEW_LS0RCBWG,0,0.14644833922281722
ID_TS_NEW_FMP59ECZ,0,0.22241332536181202
ID_TS_NEW_CUE53TQK,0,0.1402115367304722
ID_TS_NEW_ZCTBSC9P,0,0.3479924799382331
ID_TS_NEW_W4F0KV1V,0,0.4067395537063733
ID_TS_NEW_DR1Y0CP2,0,0.20165118990221706
ID_TS_NEW_44C5H1WF,0,0.02191969747364324
ID_TS_NEW_QDJEINI6,0,0.0529169654635198
ID_TS_NEW_6OGR1KRI,0,0.15584889479397007
ID_TS_NEW_M904HEN7,0,0.10797308779628587
ID_TS_NEW_4Q1VMORA,0,0.05240353221600947
ID_TS_NEW_B4M5RZVC,0,0.010671811517648426
ID_TS_NEW_86XDAGNR,0,0.17262203483684388
ID_TS_NEW_U5U4HBC7,0,0.056898302143574234
ID_TS_NEW_MXO4ZHAN,0,0.12950386015878745
ID_TS_NEW_PU7JABVO,0,0.08470123039893504
ID_TS_NEW_XMBWZZT7,0,0.39336057313973716
ID_TS_NEW_VXLFAT1M,0,0.15946758442306797
ID_TS_NEW_JZD25EL3,0,0.09337152389456423
ID_TS_NEW_I5ACCV6M,0,0.03774552103819667
ID_TS_NEW_UJWYMMMU,0,0.08126118776200479
ID_TS_NEW_A1RHXGPK,0,0.10521635018505072
ID_TS_NEW_2URYKBFZ,0,0.2815342698441652
ID_TS_NEW_CMMRUR3G,0,0.024242920446323625
ID_TS_NEW_FW612T6C,0,0.11676724310516846
ID_TS_NEW_1CS8UYS9,0,0.012650934934030232
ID_TS_NEW_ZWWQSLD7,0,0.3246753226180972
ID_TS_NEW_EA4JTMPN,0,0.1103167534447522
ID_TS_NEW_IR03G83C,0,0.47981120290601204
ID_TS_NEW_787KXSJ1,0,0.23807861184022547
ID_TS_NEW_XRKT3S68,0,0.01850118046677996
ID_TS_NEW_I7OEL82L,0,0.10859552025944762
ID_TS_NEW_15AMNZV4,0,0.06192207246067339
ID_TS_NEW_FPOPLALB,0,0.017939084510048515
ID_TS_NEW_Q3UZKCXE,0,0.029678659994356066
ID_TS_NEW_WLPH98CV,0,0.4900772919187483
ID_TS_NEW_664BGNAT,0,0.06831201703873029
ID_TS_NEW_35E82WBS,0,0.06324947065968212
ID_TS_NEW_734RECZA,0,0.19574066432526613
ID_TS_NEW_307CVA8Q,0,0.20244942486396356
ID_TS_NEW_Z0HVLG9U,1,0.6628878254152579
ID_TS_NEW_JTB4SJXI,0,0.3001648504111497
ID_TS_NEW_V4WLWKV3,0,0.07052435376674435
ID_TS_NEW_FLW9J4S4,0,0.4320165665263492
ID_TS_NEW_B1CH9SAB,0,0.1714036129851998
ID_TS_NEW_GX2HXCF6,0,0.11163760838885758
ID_TS_NEW_EMSKXGCE,0,0.10556945095414952
ID_TS_NEW_KLGP10DF,0,0.20836620218542534
ID_TS_NEW_I4H23LKH,0,0.4825067507973812
ID_TS_NEW_9QWP1T57,0,0.09324037477322314
ID_TS_NEW_23453CKF,0,0.4247800345724001
ID_TS_NEW_57V5FT9F,0,0.030896056056951834
ID_TS_NEW_E17N439X,0,0.07627522492241705
ID_TS_NEW_4GJVV1U3,0,0.05577160338899218
ID_TS_NEW_01OVVO6U,0,0.17974970531280254
ID_TS_NEW_NYL9HU9U,0,0.19481800061774793
ID_TS_NEW_NH3J0B6T,0,0.10080717491575837
ID_TS_NEW_3GN8MS8R,0,0.4488574738574008
ID_TS_NEW_UT77JB2A,1,0.7361961297905434
ID_TS_NEW_GYSEZA48,0,0.04541560782994542
ID_TS_NEW_CRS4Q1J7,0,0.04867166912098896
ID_TS_NEW_M8RSKXZW,0,0.04237383128558553
ID_TS_NEW_GCZJCJ4R,0,0.05300348869789548
ID_TS_NEW_DFS350DJ,0,0.08010150374744182
ID_TS_NEW_KAW7VQ1X,0,0.4839776770140959
ID_TS_NEW_IJE6E5TM,0,0.0632623334956173
ID_TS_NEW_0CMKCYBI,0,0.03139370990190571
ID_TS_NEW_L7UIG5I4,0,0.21010368806486152
ID_TS_NEW_QY0KEXU1,0,0.49902924642398583
ID_TS_NEW_61LA3V8E,0,0.17983157545439815
ID_TS_NEW_6O0DKUD3,0,0.29120957759033417
ID_TS_NEW_7UK2SQ0V,0,0.047278724139828796
ID_TS_NEW_RK3L5EM1,0,0.07572717374857635
ID_TS_NEW_GDSW7P3B,0,0.043167492178239786
ID_TS_NEW_26LPDIOE,0,0.22545360157470273
ID_TS_NEW_9KIR7L5E,0,0.011591057989673756
ID_TS_NEW_DG51IEXG,0,0.3587593335405864
ID_TS_NEW_KTE9H1GU,0,0.18531649861652877
ID_TS_NEW_H22YJSEH,0,0.11544271369174175
ID_TS_NEW_THXP3CTQ,0,0.050672308717606564
ID_TS_NEW_07RJBRSL,0,0.00784279212702577
ID_TS_NEW_9R0O7FWH,0,0.30831284215250254
ID_TS_NEW_ZR7HGELZ,0,0.24616050148814447
ID_TS_NEW_R0N1HPF8,0,0.09093305697922113
ID_TS_NEW_6Y8T1XZ8,0,0.4277273338302896
ID_TS_NEW_030K8WXY,1,0.5605863160992086
ID_TS_NEW_BVOHFIMT,0,0.4501658163825076
ID_TS_NEW_7HXWL7TS,0,0.45941695569923513
ID_TS_NEW_GBQADUFK,0,0.021173123350969516
ID_TS_NEW_1T141OEA,0,0.16433758068946377
ID_TS_NEW_DUNSGK3E,0,0.31524332196978483
ID_TS_NEW_A9L6RTK7,0,0.13446156195670256
ID_TS_NEW_QE0SVG6R,0,0.16463561284805533
ID_TS_NEW_E0NAZGOI,0,0.33667743733557676
ID_TS_NEW_7JFGNTCE,0,0.03214854563376775
ID_TS_NEW_TDHXJ753,0,0.046719612981326146
ID_TS_NEW_33K1032Q,0,0.07492309945086882
ID_TS_NEW_N7RB794L,0,0.01245090679044074
ID_TS_NEW_GTD1IAAB,0,0.03360568455755286
ID_TS_NEW_EL9QGUX9,0,0.07747280398691855
ID_TS_NEW_YVMNWLPB,0,0.055031932007931925
ID_TS_NEW_UMG40XAH,0,0.2136235480309496
ID_TS_NEW_HXIVU3Q2,0,0.37167376224036336
ID_TS_NEW_RNZRQ0KS,0,0.09038262404749296
ID_TS_NEW_31BSEPT0,0,0.2250469608517122
ID_TS_NEW_WI11LQCH,0,0.10246662396507793
ID_TS_NEW_3O5Z8AAZ,0,0.062250088327789055
ID_TS_NEW_IVOK01PO,0,0.12158580100641227
ID_TS_NEW_H0EBV0WK,0,0.02237197884743095
ID_TS_NEW_QXFDQ0OI,0,0.2552921036996582
ID_TS_NEW_0XJTVRHZ,1,0.5117724974042754
ID_TS_NEW_FFS1TEEO,0,0.15528131398354578
ID_TS_NEW_Q3LWL614,0,0.23286069580062083
ID_TS_NEW_APUT1QE0,0,0.03167787058221033
ID_TS_NEW_ZEDA631H,0,0.30698364753537993
ID_TS_NEW_BNM8NPRI,0,0.07847235656260189
ID_TS_NEW_PM2QHRXX,0,0.12396539662309027
ID_TS_NEW_RK7EEIG1,0,0.24722888234329554
ID_TS_NEW_86L11W21,0,0.09973762437147042
ID_TS_NEW_Y7QOIPQ6,0,0.20654142880181459
ID_TS_NEW_GV88IGXW,0,0.008978160503643386
ID_TS_NEW_WTK1NRPE,0,0.3171377714242957
ID_TS_NEW_0I9DK02D,1,0.559436482263585
ID_TS_NEW_OA9TX3XZ,0,0.17126410572679518
ID_TS_NEW_RWG0QFIZ,0,0.02067782948152609
ID_TS_NEW_NUYP0EJM,0,0.10966239071600575
ID_TS_NEW_710E4Q9Z,0,0.16589171566587638
ID_TS_NEW_FQL1U58P,0,0.11286914096797016
ID_TS_NEW_AWI8RFGB,0,0.16692467894169613
ID_TS_NEW_1ZMKLTEB,0,0.029800910082225483
ID_TS_NEW_IEW2QZVI,0,0.07595562785597638
ID_TS_NEW_QNFINCK8,0,0.027652804351815777
ID_TS_NEW_MOV2YTPP,0,0.44540282045925067
ID_TS_NEW_H4WRDE3G,0,0.10599564593345369
ID_TS_NEW_K08DPGF2,0,0.014552176949520289
ID_TS_NEW_M1G8BJIF,0,0.01310266887933682
ID_TS_NEW_O5RWKI5H,0,0.22542864660948259
ID_TS_NEW_ZLCUY2VV,0,0.04881394414650565
ID_TS_NEW_6SFHQ69C,0,0.08428278713938436
ID_TS_NEW_GIYLLGE0,0,0.019342329554417118
ID_TS_NEW_K26Y77IG,0,0.083131300646062
ID_TS_NEW_ZNHRRD9V,0,0.01427110006253688
ID_TS_NEW_Y4O3A54Y,0,0.1001055219400747
ID_TS_NEW_4GG3KM40,1,0.5095465221427723
ID_TS_NEW_VBHT4FI4,0,0.43239004064002967
ID_TS_NEW_PDZ37CJW,0,0.45568001594468377
ID_TS_NEW_SDI04A43,0,0.19568913834935883
ID_TS_NEW_6830N9DA,0,0.3259827077503792
ID_TS_NEW_PXZ4AR77,0,0.17358296583120178
ID_TS_NEW_6URRKGIL,0,0.06318588132503047
ID_TS_NEW_6KHQ9M05,0,0.024093277935032683
ID_TS_NEW_RXUOHVU7,0,0.03793546787820768
ID_TS_NEW_05H6TLM4,0,0.032752520181820975
ID_TS_NEW_V2QJG5TR,0,0.1834013528706362
ID_TS_NEW_WP6T8IAW,0,0.125892508979344
ID_TS_NEW_E1MIFU7P,0,0.18636877351136213
ID_TS_NEW_ZT51DLKT,0,0.06774528494259727
ID_TS_NEW_GCU1H6K0,0,0.06227461650120369
ID_TS_NEW_NKWJSDPH,0,0.1355353816156935
ID_TS_NEW_M7QR2UL2,0,0.12791007253491257
ID_TS_NEW_JWBICG54,0,0.0876512331757839
ID_TS_NEW_HOZT6BV1,0,0.060516397055168675
ID_TS_NEW_OKYF0AKD,0,0.061352446179420435
ID_TS_NEW_V5E1C7QL,0,0.09391802664831642
ID_TS_NEW_66LELD8D,0,0.015256786234140476
ID_TS_NEW_421T2LN9,0,0.04214913685694203
ID_TS_NEW_MD0LKTFZ,0,0.021418511835301825
ID_TS_NEW_1J8AG4HT,0,0.044841732908131336
ID_TS_NEW_4O12HQOQ,0,0.02758381326755101
ID_TS_NEW_BQBGZGNZ,0,0.2252081975896868
ID_TS_NEW_A0607KMM,0,0.021301437292304565
ID_TS_NEW_KC0UHWNX,0,0.03008499480388982
ID_TS_NEW_4GUK0HFX,0,0.07545887022802883
ID_TS_NEW_ML6G2B51,0,0.08912367771023717
ID_TS_NEW_ED9LUTPE,0,0.08289967096970646
ID_TS_NEW_AA6H3GPA,0,0.04580983696863962
ID_TS_NEW_7ESQHTYI,0,0.27906639491132734
ID_TS_NEW_O55M9X7U,0,0.3763972971865792
ID_TS_NEW_PL6T6IWK,0,0.11561778750330155
ID_TS_NEW_9ZFR9I8Z,0,0.23297948067191399
ID_TS_NEW_PX5R7ZSQ,0,0.06254737315510105
ID_TS_NEW_0EI5QGYD,0,0.451687992833205
ID_TS_NEW_AX2TDYAF,0,0.07235195102996668
ID_TS_NEW_SNY1T9A8,0,0.14052838531954592
ID_TS_NEW_9S9US1LH,0,0.06962279861067522
ID_TS_NEW_AA2DZKQN,0,0.30353142751567
ID_TS_NEW_3VRZVQD8,0,0.05599104011960414
ID_TS_NEW_5ULUH5OV,0,0.027115303552644462
ID_TS_NEW_CMYYB321,0,0.20154203288759356
ID_TS_NEW_N2P0QWI9,0,0.3360658516026554
ID_TS_NEW_JDBTCTPS,0,0.02758095304237186
ID_TS_NEW_FYGP3QLQ,0,0.17887195119308452
ID_TS_NEW_A49AXYDD,0,0.04007736710825576
ID_TS_NEW_RLPLFNYO,0,0.1352846313406531
ID_TS_NEW_TDIZM9RV,0,0.17711967118776875
ID_TS_NEW_ACXMR74T,0,0.07404809277608088
ID_TS_NEW_QH6DU9KK,0,0.17446036961088882
ID_TS_NEW_5REDVD34,0,0.01526656299714948
ID_TS_NEW_N62QO44R,0,0.2032290728081882
ID_TS_NEW_OJ09YX0V,0,0.07019833475797131
ID_TS_NEW_6UWJN60H,0,0.19042748674894786
ID_TS_NEW_NOCMDM82,0,0.42264133946311505
ID_TS_NEW_1UXT6KSH,1,0.5464332470702016
ID_TS_NEW_TT48FCUQ,0,0.02219970664472597
ID_TS_NEW_51OZTP0A,0,0.06187621370632324
ID_TS_NEW_M6Y0D896,0,0.023784666158178727
ID_TS_NEW_72CROHXV,0,0.05129619959794862
ID_TS_NEW_2K8QS1GC,0,0.0306579771441213
ID_TS_NEW_CWNDIQPM,0,0.40079154051101545
ID_TS_NEW_IVYEPUNP,0,0.31785679568868325
ID_TS_NEW_QHB5P0MF,0,0.03083632178535162
ID_TS_NEW_YT4JPXWS,0,0.38307365366266394
ID_TS_NEW_UR885LIW,0,0.3703485618909418
ID_TS_NEW_ZCDLD7IX,0,0.027505701761936636
ID_TS_NEW_OOR2GSYB,0,0.43862349330786277
ID_TS_NEW_0VP54BHV,0,0.3723077559586605
ID_TS_NEW_AM0HG8M9,0,0.18252614857615249
ID_TS_NEW_LOP5O84P,0,0.11660577091427378
ID_TS_NEW_ICW5KUGU,0,0.09482018990060809
ID_TS_NEW_D09FIIW0,0,0.11680081090719173
ID_TS_NEW_5HFD4N5U,0,0.3270218688145426
ID_TS_NEW_MCPPHTG3,0,0.18479917390138106
ID_TS_NEW_DE6U77M5,0,0.041475885219047055
ID_TS_NEW_A6LBIR3E,0,0.06125617515851008
ID_TS_NEW_TINW26NU,0,0.008575232070677265
ID_TS_NEW_23SZ5KWA,0,0.43255469840579136
ID_TS_NEW_SICUGO4S,0,0.010260062521291788
ID_TS_NEW_GD04IUBU,0,0.07034706452866525
ID_TS_NEW_B1PHIAV7,0,0.18569148037159347
ID_TS_NEW_ZW9VQCNA,0,0.2243750047554777
ID_TS_NEW_W984J50I,0,0.04433274148218887
ID_TS_NEW_IHCQY6NW,0,0.05481814056946664
ID_TS_NEW_RO4UI4OZ,0,0.021328002165302902
ID_TS_NEW_H5ROJ86H,0,0.046834722670693246
ID_TS_NEW_873F8CT4,1,0.5708953201381786
ID_TS_NEW_AJQLAN52,0,0.0971643620758588
ID_TS_NEW_IPKZNIG4,0,0.04234913159816787
ID_TS_NEW_0UJHS08O,0,0.39091711796540457
ID_TS_NEW_D72PLI7P,0,0.0519233227137385
ID_TS_NEW_8ZKVOTOO,0,0.18918653808595862
ID_TS_NEW_KO31RKB4,0,0.01941640071299919
ID_TS_NEW_SW265M3W,0,0.19916187753497974
ID_TS_NEW_AUCS9HJ7,0,0.2692992140113948
ID_TS_NEW_QM19T1MG,0,0.0489585018687288
ID_TS_NEW_DS9GMA00,0,0.08761530302087459
ID_TS_NEW_3VTKFIA2,0,0.06960225685957254
ID_TS_NEW_MI5X0N2B,0,0.0461394527268517
ID_TS_NEW_VG0MW3VQ,0,0.018206246974195234
ID_TS_NEW_MA3UTG0V,0,0.15880513877878222
ID_TS_NEW_UW01VY97,1,0.6267915812295817
ID_TS_NEW_16NMLX5O,0,0.0637451032972142
ID_TS_NEW_6ND66KN2,1,0.6545235324035074
ID_TS_NEW_599B8OTC,0,0.06515459351484726
ID_TS_NEW_8FE7IAL3,0,0.04816059491514766
ID_TS_NEW_NUE1CTF8,0,0.10154011292920155
ID_TS_NEW_ONOD8BQW,1,0.7396786191590186
ID_TS_NEW_WQIIPD9K,0,0.07200219433746997
ID_TS_NEW_DXEQJ3BZ,0,0.05695413815053096
ID_TS_NEW_ZGFZURMY,0,0.022260143948481834
ID_TS_NEW_4H1XMYRJ,0,0.07601214827081801
ID_TS_NEW_J58JBZBE,0,0.20460304817464092
ID_TS_NEW_YKR2C9TW,0,0.33385050665503624
ID_TS_NEW_PMPE9EKK,0,0.17122748824078335
ID_TS_NEW_F31V7CSA,0,0.10777827665428957
ID_TS_NEW_KOD0K8F7,0,0.012000701301731415
ID_TS_NEW_21HVN07S,0,0.13763015396410197
ID_TS_NEW_1Z98XIFK,0,0.36148539242587224
ID_TS_NEW_CRSGBJ05,0,0.03306407536821634
ID_TS_NEW_JWBAPTGK,0,0.33038083301565213
ID_TS_NEW_BMK3T54Y,0,0.05940200899466613
ID_TS_NEW_PPV50YOA,0,0.12610364385098544
ID_TS_NEW_6GB9NIP1,0,0.40414154893572224
ID_TS_NEW_NET4XV49,0,0.11406837699754353
ID_TS_NEW_0XQ8B0DG,0,0.029880875392587235
ID_TS_NEW_BYMKVNU9,0,0.3814100630931436
ID_TS_NEW_07VU7AYD,0,0.2223441869418961
ID_TS_NEW_241G22NO,0,0.17763741726269647
ID_TS_NEW_LWTQM9C9,0,0.07335523638752864
ID_TS_NEW_BQDD9W1X,0,0.052494959949784946
ID_TS_NEW_RSEPFRWH,0,0.07232590885577808
ID_TS_NEW_2ZFLXWNT,0,0.2909287520719283
ID_TS_NEW_N1YX1AZF,0,0.2819165499592511
ID_TS_NEW_LYCATLVE,0,0.43698690988643313
ID_TS_NEW_SZGMN2ON,0,0.20710409052129453
ID_TS_NEW_7RI5I6A5,0,0.29244531438335003
ID_TS_NEW_BNW7GE9H,0,0.17638216139185972
ID_TS_NEW_9C7NLOUP,0,0.009828779892688348
ID_TS_NEW_T1Y2EK3V,0,0.04285061701546034
ID_TS_NEW_7PNY5JTW,0,0.055370469349761794
ID_TS_NEW_CVD4XYUJ,0,0.01797372796915412
ID_TS_NEW_08LXR7W6,0,0.21884246020780415
ID_TS_NEW_OKZO45JO,0,0.05689126728075222
ID_TS_NEW_9SU8HXW9,0,0.440139055381605
ID_TS_NEW_06KY9UJ2,0,0.06620763269622122
ID_TS_NEW_JO0GH1OO,1,0.5153421571039561
ID_TS_NEW_EFJTI828,0,0.12417433046533127
ID_TS_NEW_WB2EC0I4,0,0.041407282385684176
ID_TS_NEW_9X9B8YIA,0,0.051972019372754655
ID_TS_NEW_BPPRZXK4,0,0.16257320589787091
ID_TS_NEW_3O9CNLQI,0,0.05209466082002143
ID_TS_NEW_OGP9Y71P,1,0.5160511848981855
ID_TS_NEW_PHE5MOZA,0,0.1684573555583186
ID_TS_NEW_F6OCM3ZV,0,0.052555907344991354
ID_TS_NEW_9KWKF9NV,0,0.1697914656497356
ID_TS_NEW_N6WLLS8S,0,0.06296385150016202
ID_TS_NEW_45K3JAJL,0,0.09004314632329685
ID_TS_NEW_HT8D1JR3,0,0.19267971799356357
ID_TS_NEW_UOBHC38I,0,0.055204864663251814
ID_TS_NEW_AXL426AU,0,0.25848200138019284
ID_TS_NEW_LZ1XASI6,0,0.17136466874811634
ID_TS_NEW_ZQFF99LO,0,0.03402780875903793
ID_TS_NEW_50P1ZR2Q,0,0.38905171828551643
ID_TS_NEW_10WZUUIN,0,0.36034008282890995
ID_TS_NEW_F3DHXOCW,0,0.0725886925914354
ID_TS_NEW_RA18F8RX,0,0.08835059118988008
ID_TS_NEW_FGCB2475,0,0.2945334634335327
ID_TS_NEW_C4XXMZHC,0,0.19138911002581543
ID_TS_NEW_6WQM99JC,0,0.07573307970263653
ID_TS_NEW_3W768OAG,0,0.18239390042327105
ID_TS_NEW_15M9TH0T,0,0.09360252831113212
ID_TS_NEW_KCHCI716,0,0.09357018708431378
ID_TS_NEW_S7PTDWYJ,0,0.06832959982705136
ID_TS_NEW_YSIHMUE3,0,0.03451946776991973
ID_TS_NEW_R8HHF7N2,0,0.11935460615953596
ID_TS_NEW_CAU4JI0A,1,0.5114364297979636
ID_TS_NEW_15IYYDJG,0,0.0863821869853116
ID_TS_NEW_U4ZG1QPF,0,0.1534222099582689
ID_TS_NEW_DOI2V87G,1,0.5364252829787174
ID_TS_NEW_06VNWQQY,0,0.3547945802044668
ID_TS_NEW_L4979A3K,0,0.11631350391398379
ID_TS_NEW_RX91IYK5,0,0.095173790367989
ID_TS_NEW_UYX7G2HS,0,0.027638074327289968
ID_TS_NEW_RZU3MUHQ,0,0.27414032614972067
ID_TS_NEW_FMOQOQQ7,0,0.049158536603841195
ID_TS_NEW_NT3NPGE8,0,0.2008143826106496
ID_TS_NEW_YDXMZ3SR,0,0.3430810396249723
ID_TS_NEW_WBKYZZXX,0,0.12208904268559097
ID_TS_NEW_Z7WHKS3T,0,0.23931455753840164
ID_TS_NEW_V18QL4VJ,0,0.27661113179562763
ID_TS_NEW_B6AVU00V,0,0.09473784651347096
ID_TS_NEW_PL696U0H,1,0.5136903879434027
ID_TS_NEW_BSR1TN5X,0,0.11169993597839378
ID_TS_NEW_HGA2YW48,0,0.020605962820344385
ID_TS_NEW_ABR393FD,0,0.09679886034183362
ID_TS_NEW_9OVGM878,0,0.137622712864005
ID_TS_NEW_6CGN5JCU,0,0.07807029943619172
ID_TS_NEW_BHMJ42LB,0,0.12759564119621267
ID_TS_NEW_RT7J1KH3,0,0.16461279064269982
ID_TS_NEW_TOD2UYV3,0,0.20630005975646123
ID_TS_NEW_B33WNMN3,0,0.0551573347661252
ID_TS_NEW_3C7V259U,0,0.13094959929435737
ID_TS_NEW_RQBGGG9T,0,0.02267677993947933
ID_TS_NEW_U54DFR7B,0,0.02311813002489326
ID_TS_NEW_O6IFBH76,0,0.24810696526263162
ID_TS_NEW_FBVNRB5Q,0,0.12907129274227805
ID_TS_NEW_6VURNWUH,0,0.057470453999232285
ID_TS_NEW_85X8EE04,0,0.3892955027610372
ID_TS_NEW_KLPUOOY4,0,0.02696545040217564
ID_TS_NEW_PXI6OT32,0,0.0827560792330778
ID_TS_NEW_54YB9PAF,1,0.6024752830895267
ID_TS_NEW_AJQ25E1G,0,0.07040826603106423
ID_TS_NEW_22Q0CVT6,0,0.0461410867333698
ID_TS_NEW_I10RD2RL,0,0.21182405152179834
ID_TS_NEW_LTR2QCUY,0,0.10246580795326178
ID_TS_NEW_3VV32XQX,0,0.15847786636100794
ID_TS_NEW_VFXWCQH4,0,0.4242781696356094
ID_TS_NEW_FPIONUVS,0,0.3793243057393093
ID_TS_NEW_UZV8VPGJ,0,0.41204961467388
ID_TS_NEW_FM3N3F71,0,0.42433193589862184
ID_TS_NEW_QA3IC9KD,0,0.09278544130784454
ID_TS_NEW_HVKYTOZS,1,0.7881272834149994
ID_TS_NEW_DQOADKC1,0,0.01755899178608944
ID_TS_NEW_CDE19IT9,0,0.05359941526756717
ID_TS_NEW_GH344KGC,0,0.15104306592511926
ID_TS_NEW_R2T5XDBA,0,0.17393871575401035
ID_TS_NEW_H3K52PWR,0,0.2840683365132994
ID_TS_NEW_CFNGOBMV,0,0.05460379555176412
ID_TS_NEW_T4ZX0TI9,0,0.10322734972216623
ID_TS_NEW_G1Z2IQMJ,0,0.42784960405051115
ID_TS_NEW_5ZYQLFA4,0,0.1161720700256775
ID_TS_NEW_M3VFN3GR,0,0.061500513292752176
ID_TS_NEW_6ALLJGSU,0,0.10062698882455368
ID_TS_NEW_LUO5HB2Z,0,0.21309417455177632
ID_TS_NEW_TT29SXH6,0,0.18655143401062232
ID_TS_NEW_HGPMD5LQ,0,0.174421324719057
ID_TS_NEW_EVIY7CFX,0,0.20500400239288102
ID_TS_NEW_YFECGGWI,0,0.12995900583071415
ID_TS_NEW_TNQOCA6P,0,0.06346852985697982
ID_TS_NEW_CS0G1TDW,0,0.041984634935630705
ID_TS_NEW_11OXJ167,0,0.05917395366724979
ID_TS_NEW_EDU28KVK,0,0.22773984223535623
ID_TS_NEW_7CJUBG12,0,0.09652416433916651
ID_TS_NEW_58AGE9UU,0,0.13349661050421519
ID_TS_NEW_5VCZRPNT,0,0.13086074144868204
ID_TS_NEW_KVVOH9EG,0,0.054613080405743704
ID_TS_NEW_REIJDWOE,0,0.17425682515264462
ID_TS_NEW_N0EJ1HEN,0,0.07357455241462253
ID_TS_NEW_LJZ4MO7L,0,0.37720198598807075
ID_TS_NEW_QUZTA2JQ,0,0.2862710616352118
ID_TS_NEW_F27CKE40,0,0.05124882637688555
ID_TS_NEW_Y9RIWYH4,1,0.7191842467092229
ID_TS_NEW_MOFMXDN5,0,0.22733033573813752
ID_TS_NEW_B7QWVT3L,0,0.05474951560748889
ID_TS_NEW_JY8CIFZT,0,0.2356664759561491
ID_TS_NEW_5NOABH62,0,0.34763685151631546
ID_TS_NEW_UJGGK7TR,0,0.0497238442581537
ID_TS_NEW_STSN1YHF,0,0.021021059415533467
ID_TS_NEW_KHNO9WA2,0,0.016070644213342113
ID_TS_NEW_23YTIWZS,0,0.00938825890072434
ID_TS_NEW_CWP6UK74,0,0.05838556529274889
ID_TS_NEW_DTFI1IY4,0,0.07855117674834446
ID_TS_NEW_ZLQ0Z6PC,0,0.05614982052408564
ID_TS_NEW_UP5ZZ8UG,0,0.010375221074866077
ID_TS_NEW_K99F83M7,0,0.13770177206593043
ID_TS_NEW_RKDRZJJ1,0,0.37064403289918907
ID_TS_NEW_R8LFTJ2J,0,0.18568157996341111
ID_TS_NEW_RIFCBG2N,0,0.07272870979075285
ID_TS_NEW_AFKKUQN9,0,0.049890791214925886
ID_TS_NEW_LJQRQ88R,0,0.054552293187920126
ID_TS_NEW_H7VOTRPD,0,0.0377305096125202
ID_TS_NEW_60OOD3ZZ,0,0.15391759940875807
ID_TS_NEW_EOT5KPEQ,0,0.4426020878498581
ID_TS_NEW_S05UNLM3,0,0.4730289563803806
ID_TS_NEW_TEJAQVXV,0,0.023614252173901014
ID_TS_NEW_G69T8ZJA,0,0.27700100579618864
ID_TS_NEW_D7DQRQAZ,1,0.7754945341038222
ID_TS_NEW_6MUUXPH8,0,0.24599773327398342
ID_TS_NEW_L62BSQEH,0,0.024642057015180793
ID_TS_NEW_OMNNTS0V,0,0.15177378442893116
ID_TS_NEW_OTTZX8S1,0,0.04569662012598523
ID_TS_NEW_1RB4ZKC2,0,0.07179302213776571
ID_TS_NEW_AR58BTVE,0,0.35000007247535064
ID_TS_NEW_TKUUKF6I,0,0.1451310519408672
ID_TS_NEW_17H5H6XP,0,0.03019062780468969
ID_TS_NEW_T41G2DDD,0,0.03728333138327214
ID_TS_NEW_RYPIPHV4,0,0.03486991849061886
ID_TS_NEW_NJCQ15ZY,0,0.12950020348830468
ID_TS_NEW_LK451D9G,0,0.04075148017421297
ID_TS_NEW_98AEJE62,0,0.34153095973095376
ID_TS_NEW_SQ9G9PVO,0,0.14716710530725527
ID_TS_NEW_SI6TA9KI,1,0.5006732843607656
ID_TS_NEW_JHU6MG2B,0,0.122037865157359
ID_TS_NEW_QSV58M51,0,0.25909923423353676
ID_TS_NEW_O9VFBVDA,0,0.06429092261093108
ID_TS_NEW_VAJNXRAS,0,0.08951882715666569
ID_TS_NEW_I4800P8U,0,0.1952205805326418
ID_TS_NEW_7M6RU7A6,0,0.38343154545516683
ID_TS_NEW_2F574JVS,0,0.027419232712711187
ID_TS_NEW_IGE8Q8EO,0,0.11389407279299948
ID_TS_NEW_A8GB6ZHI,0,0.03537736490904776
ID_TS_NEW_VKVY135X,0,0.08290398277809807
ID_TS_NEW_FYU8VT0O,0,0.010725462886256474
ID_TS_NEW_Q74YPXGC,0,0.02203291331395379
ID_TS_NEW_7I7X9LYN,0,0.06932327998345318
ID_TS_NEW_IVMA2Y87,0,0.22599603668203255
ID_TS_NEW_VEI120DX,0,0.38641110119944955
ID_TS_NEW_O8BXGQEE,0,0.3085357691829051
ID_TS_NEW_6JY8SNMG,0,0.08882616591099808
ID_TS_NEW_VD9XZOXS,0,0.06321913353709567
ID_TS_NEW_P5MJJJAQ,0,0.05342652027484126
ID_TS_NEW_W2V7EFZ1,0,0.0744773324335515
ID_TS_NEW_9G9SBX90,0,0.32162986493885554
ID_TS_NEW_VCPDZBH0,0,0.09218603883718418
ID_TS_NEW_UID38FVV,0,0.4551699057089347
ID_TS_NEW_FCGZ0FWE,0,0.08278072376023633
ID_TS_NEW_GWR5JYME,0,0.03589490817932678
ID_TS_NEW_QEOU5F5D,0,0.3501285149380641
ID_TS_NEW_15QS2OWJ,0,0.4129080316307845
ID_TS_NEW_R9ONEUON,0,0.04654411496375342
ID_TS_NEW_3BPHOV8X,0,0.44225729847963813
ID_TS_NEW_6EUOKYQG,0,0.02660870081857268
ID_TS_NEW_YD33AEIJ,0,0.1032711147913683
ID_TS_NEW_O4WIAVZE,0,0.07901543346037648
ID_TS_NEW_719PIPMX,0,0.039372321005473665
ID_TS_NEW_8XPRNVFW,0,0.17370638305514438
ID_TS_NEW_0KWD29QW,0,0.04803478476439593
ID_TS_NEW_MX9M43GA,0,0.06302013312364109
ID_TS_NEW_4XRKPRCD,0,0.015738657973382846
ID_TS_NEW_NRM2HPYK,0,0.11689320053138032
ID_TS_NEW_WP3A4ZPP,0,0.39512235018074016
ID_TS_NEW_TSC7AU73,0,0.28817777658172977
ID_TS_NEW_0A4QC38H,0,0.18541845399501902
ID_TS_NEW_CD6NOEII,0,0.046734556435974406
ID_TS_NEW_J2VHG8SF,1,0.5054493769119731
ID_TS_NEW_NPK6JRZN,0,0.07767277446807563
ID_TS_NEW_Q0UPI8AC,0,0.39115624473146104
ID_TS_NEW_T775YDOM,0,0.32502834256293844
ID_TS_NEW_KI0YVEFR,0,0.017884386822681755
ID_TS_NEW_9ST4WHKB,0,0.05712507925230918
ID_TS_NEW_M7D7QDLA,0,0.05389557739118929
ID_TS_NEW_SJPRTDZP,1,0.5274431405452819
ID_TS_NEW_I4XGRMR3,0,0.06733219419986022
ID_TS_NEW_0MA9C1RO,0,0.09903757123911958
ID_TS_NEW_UON6LF6V,0,0.06453882358113784
ID_TS_NEW_5IATBV23,0,0.07934559900302067
ID_TS_NEW_40ED28PM,0,0.11434866225489157
ID_TS_NEW_F73RTVU6,0,0.04272052681553839
ID_TS_NEW_JU913KS8,0,0.23905438344436072
ID_TS_NEW_LJFISIBD,0,0.06027559349811623
ID_TS_NEW_7NF2ABHO,1,0.5109025267142809
ID_TS_NEW_IBCWEGPJ,0,0.012202831681598969
ID_TS_NEW_01T3I13F,0,0.2821434056305584
ID_TS_NEW_C5LTMNBW,0,0.10803187840781633
ID_TS_NEW_M09FIGT7,0,0.32857946819912226
ID_TS_NEW_UTWNJYO0,0,0.026845547535607642
ID_TS_NEW_ROSUF228,0,0.24770531995506184
ID_TS_NEW_FA5RTLK4,0,0.05491223791828914
ID_TS_NEW_T50CBLXJ,0,0.2261060333179051
ID_TS_NEW_RR65036C,0,0.012670576069741188
ID_TS_NEW_6AF9QJRM,0,0.1505672931891443
ID_TS_NEW_3GBS3RNM,0,0.10646848525717055
ID_TS_NEW_9TAATNYV,0,0.07842194167890633
ID_TS_NEW_PFHD41J2,0,0.054802596647417844
ID_TS_NEW_36726SKB,0,0.1750563809588879
ID_TS_NEW_82W12O2Z,0,0.3161886770453693
ID_TS_NEW_6KJDEK4T,0,0.314495819300416
ID_TS_NEW_PH6DMDS2,0,0.33095893060295517
ID_TS_NEW_6YZJCWNV,0,0.20285033316904721
ID_TS_NEW_A81CQTDL,0,0.008788817622169124
ID_TS_NEW_58VULSJN,0,0.11651816355088963
ID_TS_NEW_MJTLD2YP,0,0.08475025176878795
ID_TS_NEW_238A6XRR,0,0.03309327303279996
ID_TS_NEW_T8BZ52U2,0,0.09463559063196436
ID_TS_NEW_7DR30MYB,0,0.04245358633230191
ID_TS_NEW_J87HRVI7,0,0.12711410357440608
ID_TS_NEW_IVB4JD1E,0,0.045821892215253436
ID_TS_NEW_0CGVBYES,0,0.05202249618496354
ID_TS_NEW_DXY53YSL,0,0.050042933240005374
ID_TS_NEW_VT67WIQ3,0,0.17059725986651897
ID_TS_NEW_M9I50GKP,0,0.06466131884964324
ID_TS_NEW_LWK3C5DG,0,0.05037678033720961
ID_TS_NEW_KANAPXT9,0,0.03242695802703208
ID_TS_NEW_DUJNNUP2,0,0.4559516670966075
ID_TS_NEW_HYKKUVE7,0,0.05453851745746765
ID_TS_NEW_TSDO00M0,0,0.4713852758910443
ID_TS_NEW_W6YMJWYA,0,0.13099908064007945
ID_TS_NEW_WKA7WT4K,0,0.02105080935374003
ID_TS_NEW_PKSDTK08,0,0.1094558827275699
ID_TS_NEW_SXY3ADTC,0,0.08263459812468343
ID_TS_NEW_1D47OL8R,0,0.09425544874885673
ID_TS_NEW_52B6WJ32,0,0.1715421312308669
ID_TS_NEW_GRD3BLGR,0,0.19314198970375143
ID_TS_NEW_PH88CV2S,0,0.062130158855991664
ID_TS_NEW_9EYZ4TWS,0,0.03297281967171383
ID_TS_NEW_L5VGT8K9,0,0.1552646599329545
ID_TS_NEW_WNPLGRYU,0,0.18166025417470408
ID_TS_NEW_0SE0V0AD,0,0.39115856064729765
ID_TS_NEW_SYUPPUC5,0,0.013491564635104389
ID_TS_NEW_SIWH60UT,0,0.19303402659723115
ID_TS_NEW_86UJ8ZKD,0,0.1940502109342236
ID_TS_NEW_5GMK0Y4X,0,0.1849843227800917
ID_TS_NEW_V3W27KFX,0,0.053476372015462875
ID_TS_NEW_XI7NCN4Q,0,0.02229973135539036
ID_TS_NEW_SIEW7KQS,0,0.27140386925089366
ID_TS_NEW_WOYA4G0N,0,0.376583739700228
ID_TS_NEW_ECDFVWQL,0,0.104141691693171
ID_TS_NEW_4LUQAL3W,0,0.08294490880238453
ID_TS_NEW_2JG7DIKN,0,0.022686976376573444
ID_TS_NEW_1EUTB0SK,0,0.26009224333239067
ID_TS_NEW_37HYA1RO,0,0.28774627305140305
ID_TS_NEW_JEZTBO7F,0,0.19362699657976684
ID_TS_NEW_9U8ETBNY,0,0.30464139120941225
ID_TS_NEW_W2ZXQ2I9,0,0.026868600115958437
ID_TS_NEW_UE8WANCI,0,0.03656214781885545
ID_TS_NEW_6616WU68,0,0.027690703634253487
ID_TS_NEW_BKB0D2N7,0,0.39243842390846306
ID_TS_NEW_SED7KJ45,0,0.022684013595999437
ID_TS_NEW_ZCGWMCR9,0,0.06386913542934279
ID_TS_NEW_LASK6X4Y,0,0.12996941733154851
ID_TS_NEW_B25ZNYXD,0,0.09609138450874084
ID_TS_NEW_MGVDBRIV,0,0.2616967018965318
ID_TS_NEW_Q5PWQ0IX,0,0.18376607223790828
ID_TS_NEW_PCG5NEEF,0,0.031639270436222305
ID_TS_NEW_6WWW4AIU,0,0.11300157486111163
ID_TS_NEW_6394YNLS,0,0.10778656355633251
ID_TS_NEW_6WUJC7ED,1,0.5853319358109476
ID_TS_NEW_YU8Y76XX,0,0.015525437895405964
ID_TS_NEW_Z046L01H,0,0.19471242122318078
ID_TS_NEW_NK7ZGMZT,0,0.021199387982413453
ID_TS_NEW_A1WQRSJ2,0,0.44058710626043535
ID_TS_NEW_G7E8E105,0,0.07586490731725049
ID_TS_NEW_GWHC4PM8,0,0.06829552939074837
ID_TS_NEW_VOKEJ9FO,0,0.05269333441102172
ID_TS_NEW_JETPR092,0,0.02596110789599113
ID_TS_NEW_IQNXWV25,0,0.25446535601922354
ID_TS_NEW_6Q13YN5R,0,0.03104116444345557
ID_TS_NEW_B3C6J7TB,0,0.06146683388205171
ID_TS_NEW_5ZF5JTCQ,0,0.07366029987834327
ID_TS_NEW_KXHEDXGC,0,0.08224549621902716
ID_TS_NEW_W7YGBSUG,0,0.1315608355145256
ID_TS_NEW_SGILTTR2,0,0.06956553150306172
ID_TS_NEW_EU3LSA56,0,0.03935778995580468
ID_TS_NEW_P4QPUW0J,0,0.0989997505414743
ID_TS_NEW_4JBC53DI,0,0.020953935136329555
ID_TS_NEW_79L0VLEC,0,0.04653511210847402
ID_TS_NEW_8H9WCE6X,0,0.018748281339641407
ID_TS_NEW_J3A73YWU,0,0.20319305714675856
ID_TS_NEW_CRVE0P7G,0,0.10596589194525145
ID_TS_NEW_KAN70U2W,0,0.057178419315158456
ID_TS_NEW_LMAQYMO5,0,0.06723603636339176
ID_TS_NEW_2CJXEMGJ,0,0.16569545505737873
ID_TS_NEW_O8RBNO2U,0,0.0820731220262266
ID_TS_NEW_UKE6YBR0,0,0.049230592817348026
ID_TS_NEW_79R5TOCA,0,0.02690720272336087
ID_TS_NEW_ACVR02CF,0,0.26936434058344694
ID_TS_NEW_4BL73603,0,0.06925070260198596
ID_TS_NEW_87KXYDOK,0,0.34811912132677497
ID_TS_NEW_4V92H6YE,0,0.4289434478029175
ID_TS_NEW_7L054U62,0,0.13085296563289095
ID_TS_NEW_Z3F45LL2,0,0.06704577393611748
ID_TS_NEW_3J5N3HVI,0,0.05831513731432707
ID_TS_NEW_ZOVSC6OJ,0,0.34661409563344103
ID_TS_NEW_GRPQOQ8I,0,0.06234573904485993
ID_TS_NEW_FM6G6E5F,0,0.02498497285362961
ID_TS_NEW_88EXY6N1,0,0.06891899825440441
ID_TS_NEW_I06FCSN6,0,0.32863736775564745
ID_TS_NEW_CLQCH0JM,0,0.4069430488935556
ID_TS_NEW_9TJ5AHEG,0,0.015889056540296227
ID_TS_NEW_G7A77A4N,0,0.08000565936546537
ID_TS_NEW_5EBFNDHQ,0,0.017540053372789407
ID_TS_NEW_KGOC2NMK,0,0.11255599949544892
ID_TS_NEW_OYAAPB1V,0,0.14546613601510622
ID_TS_NEW_9M3HHAFV,0,0.054817888168421695
ID_TS_NEW_VK7NWT8K,0,0.03049301079830887
ID_TS_NEW_EJ0B66LO,0,0.12012783656517645
ID_TS_NEW_XL0ELFDC,0,0.29557648200359016
ID_TS_NEW_7ND324MS,0,0.05048149050078297
ID_TS_NEW_PBR85N6S,0,0.05946758074843378
ID_TS_NEW_8AXJ3WIZ,0,0.19102944569748462
ID_TS_NEW_44GNQSRB,0,0.1839951421814359
ID_TS_NEW_BWAZ7PCY,0,0.14763593302819666
ID_TS_NEW_X5YTCO1A,0,0.08216352314183774
ID_TS_NEW_IHTNEHVD,0,0.04786495759262014
ID_TS_NEW_1PGIUBOK,0,0.4526576419637615
ID_TS_NEW_4GNA5VCY,0,0.08732051760675953
ID_TS_NEW_6YHIID35,0,0.010758808929316127
ID_TS_NEW_ZF2BP307,0,0.1423145074274031
ID_TS_NEW_G069C2A2,0,0.21190506066656004
ID_TS_NEW_TZSST3X3,0,0.4689003692544785
ID_TS_NEW_J68M3B4Y,0,0.1279286076545645
ID_TS_NEW_CRDQ4V9U,0,0.201206919780191
ID_TS_NEW_22I6LG4H,0,0.1438324640649326
ID_TS_NEW_VIVX6ZUS,0,0.16851505075702786
ID_TS_NEW_5JLPDXF3,0,0.2695748479475921
ID_TS_NEW_3R7HQZJX,0,0.30866594554966287
ID_TS_NEW_0BPO1TCT,0,0.11048084377756173
ID_TS_NEW_FG1E0UGW,0,0.05160616086109038
ID_TS_NEW_FZWF5P9O,0,0.1939144164185592
ID_TS_NEW_UHIKA69U,0,0.06011336567307472
ID_TS_NEW_ZEOZQ0IL,0,0.045701979459284704
ID_TS_NEW_6H6ZEGO1,0,0.026529999836328453
ID_TS_NEW_D61BK9QB,0,0.12210266364153494
ID_TS_NEW_QG38NVT3,0,0.4067005564086292
ID_TS_NEW_Y60A2BGW,0,0.059035840875716325
ID_TS_NEW_RRI07J57,0,0.02831429531413065
ID_TS_NEW_ORFYH4QY,0,0.02417155186741877
ID_TS_NEW_OTWTCLZR,0,0.057164801258441936
ID_TS_NEW_RFPIZYME,0,0.02394126898495833
ID_TS_NEW_KDLRZNTP,0,0.12461614647525984
ID_TS_NEW_1Y5XBEJU,0,0.3910833273590102
ID_TS_NEW_S3YYRKN9,0,0.021437508598609812
ID_TS_NEW_QBK0B1AN,0,0.30043223382634154
ID_TS_NEW_ETQGHLLG,0,0.10873163248751579
ID_TS_NEW_WXW6H2AJ,0,0.29304698842893856
ID_TS_NEW_RFXTF7XX,0,0.35042212150961816
ID_TS_NEW_AEJ8JS4K,0,0.037430359452876504
ID_TS_NEW_5W9WRER7,0,0.28038618770459445
ID_TS_NEW_GAD6EJ8A,0,0.03785878757539516
ID_TS_NEW_8B2C9I4A,0,0.09229899507561923
ID_TS_NEW_TN6KDDD6,0,0.27714844137186645
ID_TS_NEW_CBBS4ZIX,0,0.2103238531462771
ID_TS_NEW_S9NS7C65,0,0.10894268994102492
ID_TS_NEW_KSOB30MV,0,0.19877411457065938
ID_TS_NEW_1SMQ86ZQ,0,0.06522506895833934
ID_TS_NEW_ERF29UBH,0,0.1949044055168501
ID_TS_NEW_AOKIO1OG,0,0.05103676753217273
ID_TS_NEW_TD11SRT3,0,0.12232385407068702
ID_TS_NEW_EAOGWQX8,1,0.5164482832422076
ID_TS_NEW_GLXTRE4S,0,0.47183283949039484
ID_TS_NEW_GAG8B21V,0,0.1955220903932785
ID_TS_NEW_66KVEEP1,0,0.2537882290077113
ID_TS_NEW_IAA32RDQ,0,0.08363996026595136
ID_TS_NEW_SFPML3NY,0,0.46034437221188285
ID_TS_NEW_70NUHS6B,0,0.37193889518335066
ID_TS_NEW_511UOY5Q,0,0.013397189574728912
ID_TS_NEW_MBMRGQCN,0,0.05638168920255863
ID_TS_NEW_5P2S3VHA,0,0.02059314227817431
ID_TS_NEW_BY813WTG,0,0.06296320907086979
ID_TS_NEW_94LCABSJ,0,0.18174551840267902
ID_TS_NEW_J7CQV2OR,0,0.1064204336108771
ID_TS_NEW_DX9UEZQ6,0,0.18570257309561258
ID_TS_NEW_UTIV8DAV,0,0.05621800261089472
ID_TS_NEW_NU6QEONN,0,0.1231430929331183
ID_TS_NEW_HBB8QC2Z,0,0.22672830146047018
ID_TS_NEW_WFN6PSBM,0,0.24746005897457468
ID_TS_NEW_4B1KXAYG,1,0.5054397024246479
ID_TS_NEW_XOP2L4TL,0,0.31356682151576226
ID_TS_NEW_4CLM2M7U,0,0.10474665305795246
ID_TS_NEW_CK2GEQJP,0,0.059357247319044196
ID_TS_NEW_HTKVLIGO,0,0.23147833047669408
ID_TS_NEW_A4ILPABR,0,0.14572069719683783
ID_TS_NEW_UEPO198T,0,0.0817334112427898
ID_TS_NEW_JM1AS8KD,1,0.743343460020592
ID_TS_NEW_NLZ1JO33,0,0.09642282043439208
ID_TS_NEW_SIN064PB,0,0.4133827632248687
ID_TS_NEW_ACGJ7C2O,0,0.04524449878318786
ID_TS_NEW_AQKYFFPQ,0,0.2720638757473603
ID_TS_NEW_FF0WBNVZ,0,0.20893177816668615
ID_TS_NEW_0LSF64PT,0,0.0465260492330175
ID_TS_NEW_40N3QOXJ,0,0.28416481391078874
ID_TS_NEW_5H5R6AXE,0,0.04201572400129799
ID_TS_NEW_4T0QXPVS,0,0.014748608711431023
ID_TS_NEW_LAMABXQ5,0,0.12866009928129696
ID_TS_NEW_DLGS1HL8,0,0.4250502754705604
ID_TS_NEW_JRDG8UWG,0,0.07089825599201852
ID_TS_NEW_W5LO92UB,0,0.2195241042268984
ID_TS_NEW_M0H0NQHJ,0,0.062052721911231484
ID_TS_NEW_UDXQ8O8W,0,0.04972402146586777
ID_TS_NEW_884TR3E3,0,0.1385854037837116
ID_TS_NEW_U86UBMI1,0,0.038723461986642116
ID_TS_NEW_YXJ2J8HD,0,0.27606237160752833
ID_TS_NEW_VNPS74X8,0,0.07517822076556452
ID_TS_NEW_DJIWCFC8,1,0.6733495413564697
ID_TS_NEW_0JAKY2IZ,0,0.009342516149391904
ID_TS_NEW_1PJ03QE3,0,0.041528319022699024
ID_TS_NEW_U5TO402A,0,0.06929519023217134
ID_TS_NEW_IQKCEYVA,0,0.1469040328396942
ID_TS_NEW_HR7PDPR6,0,0.014015667127645706
ID_TS_NEW_TGTR4CJR,0,0.010505146801180877
ID_TS_NEW_8PFPLVNZ,0,0.26704273585111793
ID_TS_NEW_VFDHDXKW,0,0.10331713287340145
ID_TS_NEW_EU7YDFQD,0,0.4163311380703942
ID_TS_NEW_M94MF2ZN,0,0.2737947117171199
ID_TS_NEW_J9F7ZC0K,0,0.2597686718506139
ID_TS_NEW_N684CKRM,0,0.08685647661285996
ID_TS_NEW_4XDWFTJK,1,0.69941689290157
ID_TS_NEW_70BIIG68,0,0.06616406450758384
ID_TS_NEW_OONQKG71,0,0.15244875499705834
ID_TS_NEW_YXLQKPA7,0,0.15077985563555069
ID_TS_NEW_3NN91B2N,0,0.3966861892561195
ID_TS_NEW_0LTO3Z4Z,0,0.08365889036630829
ID_TS_NEW_V86PRKW6,0,0.21302023262811207
ID_TS_NEW_LKZRCSQA,0,0.058736044788861234
ID_TS_NEW_EHKJQ6GN,0,0.15296136730965604
ID_TS_NEW_IM7M56QA,0,0.061926304819097666
ID_TS_NEW_9F4POYGT,0,0.020941153482336196
ID_TS_NEW_J757LPE4,0,0.04003655995740044
ID_TS_NEW_A0PJQFN1,0,0.1066488035750182
ID_TS_NEW_3NQAGX0G,0,0.06771709550722659
ID_TS_NEW_CI2Q0S1T,0,0.0715847239086171
ID_TS_NEW_69GQ0B3G,0,0.41936803879506096
ID_TS_NEW_E22OVY3B,0,0.4307472795045432
ID_TS_NEW_2UU7FAJ7,0,0.02885157932469521
ID_TS_NEW_IAH6DRG2,0,0.1775729546056546
ID_TS_NEW_D1K1CZQG,0,0.41884671590525896
ID_TS_NEW_GOA69JTJ,0,0.4203181251805219
ID_TS_NEW_TAZQND4Q,0,0.4498145967155176
ID_TS_NEW_O17QIKCH,0,0.2761237187242779
ID_TS_NEW_PQ3WKA8R,0,0.015919092707849327
ID_TS_NEW_CFBDF436,0,0.012117488342559699
ID_TS_NEW_GYRBFGVZ,0,0.11749958852507085
ID_TS_NEW_IU6MN2VO,0,0.03022327243927198
ID_TS_NEW_QP7BS9JE,0,0.16864258449938047
ID_TS_NEW_TENA028H,0,0.046407702857077196
ID_TS_NEW_Z0YAT6VV,0,0.02683067787842781
ID_TS_NEW_31H10R15,0,0.15726742344779496
ID_TS_NEW_63OVN901,0,0.11660074664680213
ID_TS_NEW_FWNORAZR,0,0.13658777732834995
ID_TS_NEW_I4T0FYO7,0,0.25108673763864076
ID_TS_NEW_PADJVEL9,0,0.10594589476630002
ID_TS_NEW_Y1XD0NDO,0,0.20547481557265804
ID_TS_NEW_BJ1E37GM,0,0.07739022995538905
ID_TS_NEW_28N84RMD,0,0.03874901563790666
ID_TS_NEW_2TUHK4JZ,0,0.08009710224043781
ID_TS_NEW_C4SWC6CI,0,0.14910657997790852
ID_TS_NEW_8JPACMZ0,0,0.09582465080068743
ID_TS_NEW_YA6ID37J,0,0.2436616407370879
ID_TS_NEW_PJK2JM5O,0,0.2019395854807442
ID_TS_NEW_0W3A96EN,0,0.20930662021588073
ID_TS_NEW_1XLEXD6L,0,0.4086411930902915
ID_TS_NEW_VZSJ2ULH,0,0.1705828041916624
ID_TS_NEW_3EEFR82X,0,0.17311668724517412
ID_TS_NEW_FWM5SFO3,0,0.11284668819560152
ID_TS_NEW_RL6MX7V9,0,0.1638017135536973
ID_TS_NEW_C7T1QVZB,0,0.17968487272267808
ID_TS_NEW_WUI1OUI7,0,0.061306935491492735
ID_TS_NEW_MMYKJQ8S,0,0.13543360370912572
ID_TS_NEW_461NZIN9,0,0.1560884488463124
ID_TS_NEW_6LDM3EK2,0,0.10116863562429258
ID_TS_NEW_SVISFCCQ,0,0.050961984887569096
ID_TS_NEW_HJV4LX31,0,0.0363437856640521
ID_TS_NEW_BJSXG3IM,0,0.3882957759090258
ID_TS_NEW_GRYI9G1C,0,0.09374061989903545
ID_TS_NEW_15DVCMZZ,0,0.37391313227106865
ID_TS_NEW_C7CX28F0,0,0.06996393498759548
ID_TS_NEW_AJQJ6B51,0,0.22032695127002513
ID_TS_NEW_6P22MWQ6,0,0.14321667784494255
ID_TS_NEW_RT36YQ9N,0,0.2001552800299643
ID_TS_NEW_7OZBWMW9,0,0.13967204497859717
ID_TS_NEW_FRQ38H3M,1,0.7735441111721849
ID_TS_NEW_8TGU2OAE,0,0.0532813811679363
ID_TS_NEW_SPRIILK7,0,0.2202035695651955
ID_TS_NEW_IMZZ7Q8V,0,0.0819997661124998
ID_TS_NEW_8WAG4U9S,0,0.24131746547902352
ID_TS_NEW_Z9VETR2N,0,0.026705238294680068
ID_TS_NEW_XCJRPPVB,0,0.12322611841387818
ID_TS_NEW_V42AHOA4,0,0.07714923985291287
ID_TS_NEW_OHCAMKEO,0,0.06345654529365909
ID_TS_NEW_TPLBTJ5D,0,0.3955269836143048
ID_TS_NEW_RAHI9TZ1,0,0.08070322725246197
ID_TS_NEW_45CI25AB,0,0.06203677293487251
ID_TS_NEW_R3GGH4HK,0,0.20506460172496083
ID_TS_NEW_X4Q2NH9A,0,0.04714538103827867
ID_TS_NEW_R4ED30RZ,0,0.10006727902294771
ID_TS_NEW_DF8P8Y2S,0,0.0785920733153001
ID_TS_NEW_B1JCEBZ0,0,0.06564770008446712
ID_TS_NEW_YSQKSDYI,0,0.3196531833265827
ID_TS_NEW_66NUKEUB,0,0.06861548611678787
ID_TS_NEW_963TLJIC,0,0.06265448523065763
ID_TS_NEW_D38BA796,0,0.09085359051137956
ID_TS_NEW_C00NIPXD,0,0.013761602331579028
ID_TS_NEW_9RVB7PRI,0,0.16934445996614625
ID_TS_NEW_I1LU5Q2K,0,0.02317451487660204
ID_TS_NEW_0JAHMH31,1,0.76214042928462
ID_TS_NEW_GWV3YEXA,0,0.1305373237299663
ID_TS_NEW_7KA55JG8,0,0.09443926025481963
ID_TS_NEW_YGYKL4KQ,0,0.010433138347066702
ID_TS_NEW_MZ9W3F31,0,0.16704764731425026
ID_TS_NEW_O3D090K9,0,0.1224115282479781
ID_TS_NEW_F0ASU9RB,0,0.21247834835708615
ID_TS_NEW_B5HB8CEW,0,0.010561905071992091
ID_TS_NEW_LYDF5CSF,0,0.04231282514100831
ID_TS_NEW_1HD6HIHG,0,0.07342512808828416
ID_TS_NEW_L8ES1CW9,0,0.12210563511409657
ID_TS_NEW_94X2H91Y,0,0.3913526335412707
ID_TS_NEW_0PUBZVX4,0,0.38261325368737653
ID_TS_NEW_MV1T6BUQ,0,0.07814310991509188
ID_TS_NEW_HM99C5OH,0,0.3033656239332559
ID_TS_NEW_F9EAQ7NH,0,0.13513535640725105
ID_TS_NEW_H8HMBK0P,0,0.13439002731743477
ID_TS_NEW_UPUUEAMV,0,0.017309691562023704
ID_TS_NEW_Y4B68E9O,1,0.5117534530989222
ID_TS_NEW_6W0PZT0P,0,0.022572228846267722
ID_TS_NEW_VK1XTOP8,0,0.011638619882735488
ID_TS_NEW_WRFV0DTV,0,0.05264618390730567
ID_TS_NEW_NRWGWHPE,0,0.36918989392198814
ID_TS_NEW_D6FHITKM,0,0.06716401546755817
ID_TS_NEW_E2LI1BWR,0,0.024304940634969668
ID_TS_NEW_ZBB5IR6D,1,0.5420184010639048
ID_TS_NEW_C39WCSM2,0,0.0652983816653704
ID_TS_NEW_FO2MKW8D,0,0.04434828438760525
ID_TS_NEW_6610GQ4K,0,0.042343341480156345
ID_TS_NEW_4VWLX7CR,0,0.06962710373493945
ID_TS_NEW_HLTFMUB7,0,0.06528083702439703
ID_TS_NEW_NK8YMUPS,0,0.09682494109259786
ID_TS_NEW_XYWG3V75,0,0.12123665787903463
ID_TS_NEW_73369R7N,0,0.1691265210275283
ID_TS_NEW_KEGBLY3M,0,0.035106581699284156
ID_TS_NEW_LUUBPK4S,0,0.0704512947189817
ID_TS_NEW_DMGI7V2M,0,0.21775277676106541
ID_TS_NEW_H4PC0W2X,1,0.7538292903896923
ID_TS_NEW_K54YACSR,0,0.08043984374335778
ID_TS_NEW_B4WPDCRR,0,0.0606832239458449
ID_TS_NEW_KS00BCG6,0,0.10299516753222927
ID_TS_NEW_43ER9V9O,0,0.0247576578847838
ID_TS_NEW_F7PS2CVN,0,0.046004501180404764
ID_TS_NEW_11OSM6VP,0,0.021175555609179535
ID_TS_NEW_HZNASSZG,0,0.15352491126860238
ID_TS_NEW_CT8291Q0,0,0.22801729558227163
ID_TS_NEW_8AALHLKW,0,0.10469229398196565
ID_TS_NEW_56KWODLL,0,0.3289173143963605
ID_TS_NEW_WY3KLABY,0,0.05944183954195904
ID_TS_NEW_EWZ7LQLQ,0,0.018981886034927842
ID_TS_NEW_7E8MVE82,0,0.11712762977688557
ID_TS_NEW_3GHR49ZB,0,0.0425940627129007
ID_TS_NEW_PKUH43JS,0,0.020487111855430017
ID_TS_NEW_OKTJ85M9,0,0.04961190746475312
ID_TS_NEW_PX01I8GZ,0,0.0740773122658174
ID_TS_NEW_PUD7KAVY,0,0.17962838354538163
ID_TS_NEW_DLW8WIPJ,0,0.20870485960545593
ID_TS_NEW_TBY1IZA4,0,0.2293448287478351
ID_TS_NEW_VPZFVM3E,0,0.016722784249903082
ID_TS_NEW_RA6FO033,0,0.05036848329695333
ID_TS_NEW_8I5X5NQ7,0,0.054079843912897656
ID_TS_NEW_U1YRPFUA,0,0.06107450404024073
ID_TS_NEW_UIS4B2MM,0,0.2779567415421214
ID_TS_NEW_YYOSC0BB,0,0.16490127359037762
ID_TS_NEW_LE375J0J,0,0.1371873367953491
ID_TS_NEW_ZYR39WCP,0,0.23359361598208175
ID_TS_NEW_S5NHZR8Z,0,0.1508251563136128
ID_TS_NEW_K13QU48R,0,0.41988186699184255
ID_TS_NEW_URRKRQIT,0,0.09298357779664722
ID_TS_NEW_SNWDIVQC,0,0.17347032525792333
ID_TS_NEW_PU4TWGVJ,0,0.02929531276421556
ID_TS_NEW_DLHNL6WW,0,0.13408242750563362
ID_TS_NEW_RFBCIMPB,0,0.06589029147067044
ID_TS_NEW_Y580TZYD,0,0.037326157041039545
