ID,TargetF1,TargetRAUC
ID_TS_NEW_SBZAYD5I,1,0.9824831775580621
ID_TS_NEW_7SPRN3PB,1,0.9894060140063623
ID_TS_NEW_LZOWPHLC,1,0.8793360673107162
ID_TS_NEW_DN6TUF64,1,0.9315618287269825
ID_TS_NEW_95N82M49,0,0.0014560664602073735
ID_TS_NEW_BFEAVD50,0,0.002768920947855961
ID_TS_NEW_D1E33N0Z,1,0.9818001965851724
ID_TS_NEW_C85XZKDC,0,0.013558814466710561
ID_TS_NEW_1Y90ZQUH,1,0.6252179288593591
ID_TS_NEW_MZJ5GJYB,1,0.69369984783412
ID_TS_NEW_IUD9BRKX,1,0.9954620669300144
ID_TS_NEW_72QFA5EU,1,0.8040007683960745
ID_TS_NEW_47DGP36L,1,0.9881083633630361
ID_TS_NEW_HXTFGEV3,0,0.0825261767031174
ID_TS_NEW_VMPCF9WN,1,0.9451071271434073
ID_TS_NEW_NVPXE0VA,0,0.0006718102293954172
ID_TS_NEW_8LL4PIL8,1,0.8451037855374564
ID_TS_NEW_HMDZLJIE,0,0.010105638091673743
ID_TS_NEW_PMX7SKJQ,1,0.833166924243317
ID_TS_NEW_MO6E00DO,0,0.30280707010305985
ID_TS_NEW_2VZE6WN7,0,0.012318593503187647
ID_TS_NEW_SRGNZQZD,1,0.8336154122512295
ID_TS_NEW_1G52IQA5,1,0.9721258118803584
ID_TS_NEW_UGOK73FG,0,0.006078607021308777
ID_TS_NEW_T2466L38,1,0.6800922948620982
ID_TS_NEW_R0Q38OA8,0,0.3574700445648383
ID_TS_NEW_DDBN6OEU,1,0.9584793162438541
ID_TS_NEW_O0U4YHI1,1,0.923428336492884
ID_TS_NEW_I3F4EPVP,0,0.0032449118580374983
ID_TS_NEW_31NYZBQP,0,0.00251930764730559
ID_TS_NEW_MFEBBK67,1,0.955949394510984
ID_TS_NEW_UX1S7FH5,0,0.0034482983688426654
ID_TS_NEW_1Q223ITD,1,0.9850652965440899
ID_TS_NEW_49RPQPQX,1,0.9641830392020834
ID_TS_NEW_5CI9XZZC,0,0.007371361625118225
ID_TS_NEW_KW7F7YT4,0,0.0017491539174010415
ID_TS_NEW_JRDA0BSJ,1,0.9709365790673089
ID_TS_NEW_1GH47ZMP,0,0.43616368159558067
ID_TS_NEW_SIR5I0GB,0,0.0020458808789266536
ID_TS_NEW_LF40N8CH,1,0.9964675740577469
ID_TS_NEW_BRIJYAHA,0,0.007845145728869685
ID_TS_NEW_LP0Z54YQ,1,0.9761062818076649
ID_TS_NEW_41FI7XCM,1,0.9864981113323739
ID_TS_NEW_APBNYDXR,1,0.9779037102951981
ID_TS_NEW_WZG3T1DJ,1,0.9916706536157646
ID_TS_NEW_YJ8V1JMK,1,0.9888455144683714
ID_TS_NEW_V0T94C5D,1,0.9864878623719774
ID_TS_NEW_0G2STM32,1,0.8085008866894755
ID_TS_NEW_1MX99FFB,1,0.5293927110227771
ID_TS_NEW_FQGEDJEM,0,0.0073185535580719855
ID_TS_NEW_VS67WH7B,0,0.0030415757574999264
ID_TS_NEW_833N4NO5,0,0.15109924809844075
ID_TS_NEW_5554YU3O,1,0.9893433897665183
ID_TS_NEW_25CF5N3E,0,0.0027355759795185445
ID_TS_NEW_WPDJSTG0,1,0.6598272317878747
ID_TS_NEW_DGHY5358,1,0.9841378367013189
ID_TS_NEW_HKVL4CSD,1,0.9675893257777054
ID_TS_NEW_E8HFUOKY,1,0.8416322314704279
ID_TS_NEW_7EP92VXI,0,0.08514520435488518
ID_TS_NEW_KK65JUGM,0,0.003059515206737597
ID_TS_NEW_BVIUX9FH,1,0.9576382683065006
ID_TS_NEW_3E95I4NZ,0,0.00023277400465157848
ID_TS_NEW_G76POS4W,1,0.9911545810354803
ID_TS_NEW_EVGCEMI6,0,0.39941491437188353
ID_TS_NEW_02SGGVQX,1,0.9462755495581517
ID_TS_NEW_ANRFV6OD,1,0.7253338156315994
ID_TS_NEW_USFCKEAD,1,0.6963091719118901
ID_TS_NEW_VM7G3X94,1,0.8826420386651458
ID_TS_NEW_J9NW1M6J,1,0.67976914590051
ID_TS_NEW_FDXMYNN9,1,0.9002158607039734
ID_TS_NEW_HUI71UZW,0,0.004865828573410732
ID_TS_NEW_1E1L3F3M,0,0.2105341349800738
ID_TS_NEW_657RGOA6,1,0.6373433149425932
ID_TS_NEW_MCIWQNMI,1,0.9843322123489265
ID_TS_NEW_91WVZG2W,0,0.0034549767273031307
ID_TS_NEW_BJ7S4I1C,1,0.634331854470408
ID_TS_NEW_PN1MGEY3,1,0.8558351034726474
ID_TS_NEW_NSBFB3EX,0,0.001348528059548252
ID_TS_NEW_4EMFUS6S,1,0.9891348922875078
ID_TS_NEW_365NWLEN,0,0.003596566750226307
ID_TS_NEW_S31BFP0C,1,0.6792436957333542
ID_TS_NEW_TXQLECUZ,0,0.008754863914841761
ID_TS_NEW_EGUYSWOR,0,0.004128230980051294
ID_TS_NEW_NY46P5AJ,0,0.002223340381120115
ID_TS_NEW_5NQZ6IM6,0,0.013263620473102514
ID_TS_NEW_0Y4B5NVC,0,0.005415922812264349
ID_TS_NEW_KFYH9796,0,0.002481503409016541
ID_TS_NEW_XWNMFK80,0,0.0009014583654129981
ID_TS_NEW_YH3UPMDC,1,0.963988286732294
ID_TS_NEW_RW3MXYQH,1,0.9953952565402704
ID_TS_NEW_91R6IB7E,1,0.9020519873640043
ID_TS_NEW_XGRBPFZK,0,0.019745299777442576
ID_TS_NEW_O5PQ5IUU,0,0.005997121703451023
ID_TS_NEW_08SRYYM6,0,0.4751201380403823
ID_TS_NEW_QJ0YH92G,0,0.019926434607691054
ID_TS_NEW_VVHUJ6MJ,0,0.00012452664808005427
ID_TS_NEW_ME49YMX5,0,0.0015450278928410969
ID_TS_NEW_E3JMQJPR,1,0.9702410229057377
ID_TS_NEW_HS9LREPN,0,0.13061003463732798
ID_TS_NEW_D1X8JYSS,1,0.9894796161757405
ID_TS_NEW_BY6YM2RU,0,0.0011935551611453614
ID_TS_NEW_IQZOZ5N1,1,0.747641754573048
ID_TS_NEW_KVPM2TBR,0,0.36249472429823876
ID_TS_NEW_ZLBVEY3T,1,0.9694297634622607
ID_TS_NEW_1Q1GIV3O,1,0.9454769639421101
ID_TS_NEW_V5HPRNCP,1,0.7562707633661683
ID_TS_NEW_V4Q5AQIE,1,0.9801830674453106
ID_TS_NEW_A27OEJZD,0,0.023524567214897336
ID_TS_NEW_IC2S6URH,0,0.2856172112535396
ID_TS_NEW_U76GTV2S,1,0.987418085999619
ID_TS_NEW_ZYGZAKBM,0,0.47361397263404637
ID_TS_NEW_L0FXG04Z,1,0.8002424273151131
ID_TS_NEW_2HUGKCYS,1,0.9581536990457405
ID_TS_NEW_LOS601FR,1,0.9176350543011955
ID_TS_NEW_SCRYJ20E,1,0.9968094778359056
ID_TS_NEW_2QQGF6DK,1,0.9973242642711729
ID_TS_NEW_I394NPY1,1,0.9474690777173346
ID_TS_NEW_DRR5RI5M,0,0.001246426865634432
ID_TS_NEW_S49DLN5E,0,0.31078125916182536
ID_TS_NEW_2BY0U2SX,0,0.0069854968959063525
ID_TS_NEW_747ISX6G,0,0.167672483994052
ID_TS_NEW_O3DKNS93,1,0.8384630322247426
ID_TS_NEW_2DJVFG2T,1,0.9492897982462204
ID_TS_NEW_Z8J9NRN4,0,0.010000505557862499
ID_TS_NEW_DON4XV0Q,1,0.8637583223879501
ID_TS_NEW_XYOUK90U,0,0.0008212754002267829
ID_TS_NEW_FN73QJ96,1,0.9351014903990107
ID_TS_NEW_9LLP9XZ8,1,0.9949958786578451
ID_TS_NEW_VEYIDDR9,0,0.0006296499307483764
ID_TS_NEW_YB883A1Z,0,0.0037677900709351835
ID_TS_NEW_COLBY04S,0,0.003202374488279844
ID_TS_NEW_SZNF4Q6I,0,0.0005991489448012254
ID_TS_NEW_ABBCZLLX,1,0.6066991138622975
ID_TS_NEW_LS0RCBWG,0,0.001337285052154208
ID_TS_NEW_FMP59ECZ,0,0.004950729197216267
ID_TS_NEW_CUE53TQK,1,0.8874628675917212
ID_TS_NEW_ZCTBSC9P,1,0.9518397919139842
ID_TS_NEW_W4F0KV1V,1,0.9018408446082837
ID_TS_NEW_DR1Y0CP2,0,0.00029776042411448046
ID_TS_NEW_44C5H1WF,0,0.001953694166201718
ID_TS_NEW_QDJEINI6,0,0.011805548954063149
ID_TS_NEW_6OGR1KRI,0,0.0016653174500014362
ID_TS_NEW_M904HEN7,1,0.9352141978215092
ID_TS_NEW_4Q1VMORA,1,0.9550681226903712
ID_TS_NEW_B4M5RZVC,1,0.7729171446726603
ID_TS_NEW_86XDAGNR,1,0.9908166257556755
ID_TS_NEW_U5U4HBC7,1,0.9193994222733665
ID_TS_NEW_MXO4ZHAN,0,0.0978956577266742
ID_TS_NEW_PU7JABVO,0,0.18474939904204885
ID_TS_NEW_XMBWZZT7,1,0.9425281435539112
ID_TS_NEW_VXLFAT1M,1,0.996817430538037
ID_TS_NEW_JZD25EL3,1,0.7770704397026034
ID_TS_NEW_I5ACCV6M,0,0.0003735572425046413
ID_TS_NEW_UJWYMMMU,1,0.9022232014960362
ID_TS_NEW_A1RHXGPK,0,0.18295385871650158
ID_TS_NEW_2URYKBFZ,1,0.968150336471983
ID_TS_NEW_CMMRUR3G,0,0.02336989690252258
ID_TS_NEW_FW612T6C,1,0.9599099001976255
ID_TS_NEW_1CS8UYS9,0,0.0027621647008970254
ID_TS_NEW_ZWWQSLD7,0,0.00043932959108767985
ID_TS_NEW_EA4JTMPN,1,0.976423923064054
ID_TS_NEW_IR03G83C,1,0.9037116485188904
ID_TS_NEW_787KXSJ1,1,0.9320376101134977
ID_TS_NEW_XRKT3S68,0,0.007130961858014782
ID_TS_NEW_I7OEL82L,1,0.9872372894325379
ID_TS_NEW_15AMNZV4,1,0.9405403566758299
ID_TS_NEW_FPOPLALB,0,0.028944072524886563
ID_TS_NEW_Q3UZKCXE,1,0.9309107383338352
ID_TS_NEW_WLPH98CV,1,0.9015846314721793
ID_TS_NEW_664BGNAT,1,0.8809692246372187
ID_TS_NEW_35E82WBS,0,0.005519012312908576
ID_TS_NEW_734RECZA,1,0.9400212108252712
ID_TS_NEW_307CVA8Q,1,0.9816707743011924
ID_TS_NEW_Z0HVLG9U,0,0.006462422641622813
ID_TS_NEW_JTB4SJXI,0,0.00028635379035010387
ID_TS_NEW_V4WLWKV3,0,0.044051453072274926
ID_TS_NEW_FLW9J4S4,0,0.005115682821640603
ID_TS_NEW_B1CH9SAB,0,0.0002615214506072242
ID_TS_NEW_GX2HXCF6,0,0.4024267001607845
ID_TS_NEW_EMSKXGCE,1,0.9528761672563005
ID_TS_NEW_KLGP10DF,1,0.9848795943027643
ID_TS_NEW_I4H23LKH,1,0.9602797644427694
ID_TS_NEW_9QWP1T57,1,0.9937632525877356
ID_TS_NEW_23453CKF,1,0.9863587451495821
ID_TS_NEW_57V5FT9F,0,0.003672602918689994
ID_TS_NEW_E17N439X,0,0.0038399338208086283
ID_TS_NEW_4GJVV1U3,0,0.37993764743377645
ID_TS_NEW_01OVVO6U,0,0.049410609870946184
ID_TS_NEW_NYL9HU9U,1,0.9912503644440287
ID_TS_NEW_NH3J0B6T,0,0.44632082362498166
ID_TS_NEW_3GN8MS8R,0,0.0002878154215791962
ID_TS_NEW_UT77JB2A,1,0.7213835630395445
ID_TS_NEW_GYSEZA48,1,0.9958422306111944
ID_TS_NEW_CRS4Q1J7,0,0.0004544375217547093
ID_TS_NEW_M8RSKXZW,1,0.5582931822071469
ID_TS_NEW_GCZJCJ4R,1,0.566841787886965
ID_TS_NEW_DFS350DJ,1,0.7248009134306989
ID_TS_NEW_KAW7VQ1X,0,0.005998376402821611
ID_TS_NEW_IJE6E5TM,1,0.9816169865643333
ID_TS_NEW_0CMKCYBI,0,0.1278924268448299
ID_TS_NEW_L7UIG5I4,1,0.9909053740562828
ID_TS_NEW_QY0KEXU1,0,0.0015357245623765638
ID_TS_NEW_61LA3V8E,0,0.003225457544101852
ID_TS_NEW_6O0DKUD3,0,0.0004255185803674538
ID_TS_NEW_7UK2SQ0V,0,0.013469661913883968
ID_TS_NEW_RK3L5EM1,0,0.0008182998157236871
ID_TS_NEW_GDSW7P3B,0,0.009452445417184072
ID_TS_NEW_26LPDIOE,1,0.7612101399135963
ID_TS_NEW_9KIR7L5E,0,0.00046611369087856095
ID_TS_NEW_DG51IEXG,0,0.003195339912875264
ID_TS_NEW_KTE9H1GU,0,0.005185852980645092
ID_TS_NEW_H22YJSEH,1,0.9673201782449975
ID_TS_NEW_THXP3CTQ,0,0.0023097166252860207
ID_TS_NEW_07RJBRSL,0,0.0018707703424858026
ID_TS_NEW_9R0O7FWH,0,0.40317302675511546
ID_TS_NEW_ZR7HGELZ,1,0.7713996986949763
ID_TS_NEW_R0N1HPF8,1,0.9850153251918694
ID_TS_NEW_6Y8T1XZ8,0,0.0003577969666380334
ID_TS_NEW_030K8WXY,1,0.594713282191796
ID_TS_NEW_BVOHFIMT,1,0.9610016782039462
ID_TS_NEW_7HXWL7TS,1,0.7806378788370789
ID_TS_NEW_GBQADUFK,1,0.859044628809092
ID_TS_NEW_1T141OEA,1,0.9800084871855698
ID_TS_NEW_DUNSGK3E,0,0.001024246650214985
ID_TS_NEW_A9L6RTK7,0,0.03407428400291573
ID_TS_NEW_QE0SVG6R,1,0.9957304999344698
ID_TS_NEW_E0NAZGOI,1,0.9901751082524721
ID_TS_NEW_7JFGNTCE,0,0.00573728474153465
ID_TS_NEW_TDHXJ753,1,0.9832568163322353
ID_TS_NEW_33K1032Q,1,0.9727183494053346
ID_TS_NEW_N7RB794L,0,0.007245699263447452
ID_TS_NEW_GTD1IAAB,1,0.806141406935266
ID_TS_NEW_EL9QGUX9,1,0.6118940050625381
ID_TS_NEW_YVMNWLPB,1,0.5311623534945769
ID_TS_NEW_UMG40XAH,1,0.9919007801790162
ID_TS_NEW_HXIVU3Q2,0,0.0023212760635868074
ID_TS_NEW_RNZRQ0KS,1,0.8412177251957987
ID_TS_NEW_31BSEPT0,1,0.9973556628655823
ID_TS_NEW_WI11LQCH,1,0.9122964560786231
ID_TS_NEW_3O5Z8AAZ,0,0.0016989662375398915
ID_TS_NEW_IVOK01PO,0,0.004292364287264527
ID_TS_NEW_H0EBV0WK,0,0.016248309359312058
ID_TS_NEW_QXFDQ0OI,1,0.9877341031525865
ID_TS_NEW_0XJTVRHZ,1,0.9566902334189753
ID_TS_NEW_FFS1TEEO,1,0.9802691083159574
ID_TS_NEW_Q3LWL614,1,0.9853264702045544
ID_TS_NEW_APUT1QE0,0,0.0024906726711693924
ID_TS_NEW_ZEDA631H,0,0.0015332272961930688
ID_TS_NEW_BNM8NPRI,1,0.9864649260305189
ID_TS_NEW_PM2QHRXX,1,0.9851833485055113
ID_TS_NEW_RK7EEIG1,1,0.5513751697996694
ID_TS_NEW_86L11W21,1,0.9850136049963116
ID_TS_NEW_Y7QOIPQ6,1,0.9781899395589855
ID_TS_NEW_GV88IGXW,0,0.0034093593796274612
ID_TS_NEW_WTK1NRPE,1,0.94649083976483
ID_TS_NEW_0I9DK02D,1,0.9430514616633054
ID_TS_NEW_OA9TX3XZ,0,0.0006096977630340506
ID_TS_NEW_RWG0QFIZ,0,0.002986286173048718
ID_TS_NEW_NUYP0EJM,1,0.9752634079762295
ID_TS_NEW_710E4Q9Z,0,0.007568013736670908
ID_TS_NEW_FQL1U58P,1,0.9907268310617365
ID_TS_NEW_AWI8RFGB,1,0.9898947039264006
ID_TS_NEW_1ZMKLTEB,0,0.003677354490491913
ID_TS_NEW_IEW2QZVI,1,0.9811612505284841
ID_TS_NEW_QNFINCK8,0,0.04381056499206667
ID_TS_NEW_MOV2YTPP,0,0.002551614390034984
ID_TS_NEW_H4WRDE3G,1,0.9205042035753985
ID_TS_NEW_K08DPGF2,0,0.0007662084902658764
ID_TS_NEW_M1G8BJIF,0,0.006295686266796025
ID_TS_NEW_O5RWKI5H,1,0.8221047424410093
ID_TS_NEW_ZLCUY2VV,0,0.0027066746512151778
ID_TS_NEW_6SFHQ69C,0,0.12544264259309973
ID_TS_NEW_GIYLLGE0,0,0.0012301298655628147
ID_TS_NEW_K26Y77IG,0,0.0031420856230893646
ID_TS_NEW_ZNHRRD9V,0,0.0027928766271926335
ID_TS_NEW_Y4O3A54Y,1,0.6215403322336499
ID_TS_NEW_4GG3KM40,1,0.9110652855406912
ID_TS_NEW_VBHT4FI4,0,0.0009629253100761971
ID_TS_NEW_PDZ37CJW,1,0.5575394708380232
ID_TS_NEW_SDI04A43,0,0.0014949241883647488
ID_TS_NEW_6830N9DA,1,0.9461259605018887
ID_TS_NEW_PXZ4AR77,0,0.00185715564018814
ID_TS_NEW_6URRKGIL,1,0.9751715991651841
ID_TS_NEW_6KHQ9M05,0,0.003436683734934779
ID_TS_NEW_RXUOHVU7,0,0.05535685698294256
ID_TS_NEW_05H6TLM4,0,0.37446629620760713
ID_TS_NEW_V2QJG5TR,1,0.9911718689376815
ID_TS_NEW_WP6T8IAW,1,0.9801244686378857
ID_TS_NEW_E1MIFU7P,0,0.013702982499533651
ID_TS_NEW_ZT51DLKT,1,0.9576312530842572
ID_TS_NEW_GCU1H6K0,0,0.10690254971804099
ID_TS_NEW_NKWJSDPH,1,0.6568768115241953
ID_TS_NEW_M7QR2UL2,1,0.972296738587463
ID_TS_NEW_JWBICG54,1,0.9888225417493188
ID_TS_NEW_HOZT6BV1,1,0.9431047670833985
ID_TS_NEW_OKYF0AKD,1,0.5870245089669293
ID_TS_NEW_V5E1C7QL,1,0.9948224336054755
ID_TS_NEW_66LELD8D,0,0.0030743278830223553
ID_TS_NEW_421T2LN9,1,0.9723719539363095
ID_TS_NEW_MD0LKTFZ,0,0.008018273794575329
ID_TS_NEW_1J8AG4HT,1,0.9621875700944854
ID_TS_NEW_4O12HQOQ,0,0.06271435565437707
ID_TS_NEW_BQBGZGNZ,1,0.8933711610555435
ID_TS_NEW_A0607KMM,0,0.40535734966887504
ID_TS_NEW_KC0UHWNX,1,0.9888175297433838
ID_TS_NEW_4GUK0HFX,1,0.9851506924244287
ID_TS_NEW_ML6G2B51,1,0.9674519941901176
ID_TS_NEW_ED9LUTPE,0,0.2950193636020454
ID_TS_NEW_AA6H3GPA,0,0.009885719928038553
ID_TS_NEW_7ESQHTYI,0,0.00040395142186417266
ID_TS_NEW_O55M9X7U,0,0.002990766354470251
ID_TS_NEW_PL6T6IWK,0,0.20879736194160003
ID_TS_NEW_9ZFR9I8Z,1,0.9961661409407144
ID_TS_NEW_PX5R7ZSQ,0,0.0016616565733443883
ID_TS_NEW_0EI5QGYD,0,0.0024904661713011445
ID_TS_NEW_AX2TDYAF,0,0.0033838063562635695
ID_TS_NEW_SNY1T9A8,1,0.977899007232253
ID_TS_NEW_9S9US1LH,0,0.002648183264938438
ID_TS_NEW_AA2DZKQN,1,0.9833945548096644
ID_TS_NEW_3VRZVQD8,0,0.01002427762784973
ID_TS_NEW_5ULUH5OV,0,0.23713544586497073
ID_TS_NEW_CMYYB321,0,0.00105887926691095
ID_TS_NEW_N2P0QWI9,1,0.6777530720784791
ID_TS_NEW_JDBTCTPS,0,0.005850755786215611
ID_TS_NEW_FYGP3QLQ,0,0.001962677591979025
ID_TS_NEW_A49AXYDD,0,0.0021331079415675526
ID_TS_NEW_RLPLFNYO,1,0.996516661338233
ID_TS_NEW_TDIZM9RV,1,0.991739450337898
ID_TS_NEW_ACXMR74T,1,0.9232944837699432
ID_TS_NEW_QH6DU9KK,1,0.9910445988423362
ID_TS_NEW_5REDVD34,0,0.004222775380300728
ID_TS_NEW_N62QO44R,0,0.006940092823596691
ID_TS_NEW_OJ09YX0V,0,0.0004636084255413054
ID_TS_NEW_6UWJN60H,1,0.9548891581940508
ID_TS_NEW_NOCMDM82,1,0.9371300913702332
ID_TS_NEW_1UXT6KSH,0,0.0016925624801126498
ID_TS_NEW_TT48FCUQ,0,0.02234853929228268
ID_TS_NEW_51OZTP0A,0,0.0014083607060087497
ID_TS_NEW_M6Y0D896,1,0.9739032265514547
ID_TS_NEW_72CROHXV,1,0.9840079082024644
ID_TS_NEW_2K8QS1GC,0,0.4739303993700295
ID_TS_NEW_CWNDIQPM,0,0.0002554169358491902
ID_TS_NEW_IVYEPUNP,1,0.9793274364941872
ID_TS_NEW_QHB5P0MF,1,0.9882114902858639
ID_TS_NEW_YT4JPXWS,1,0.9902505168297762
ID_TS_NEW_UR885LIW,1,0.9896897518028285
ID_TS_NEW_ZCDLD7IX,0,0.39622039905900197
ID_TS_NEW_OOR2GSYB,1,0.9795782102045302
ID_TS_NEW_0VP54BHV,1,0.9652429014134776
ID_TS_NEW_AM0HG8M9,1,0.9953034017219837
ID_TS_NEW_LOP5O84P,0,0.4813656295483627
ID_TS_NEW_ICW5KUGU,1,0.9655591161483938
ID_TS_NEW_D09FIIW0,1,0.9919108537831068
ID_TS_NEW_5HFD4N5U,0,0.00013514319248546353
ID_TS_NEW_MCPPHTG3,1,0.8513292933823976
ID_TS_NEW_DE6U77M5,1,0.8739652122512414
ID_TS_NEW_A6LBIR3E,1,0.9913389329248183
ID_TS_NEW_TINW26NU,0,0.005653048634804579
ID_TS_NEW_23SZ5KWA,1,0.9766381806053935
ID_TS_NEW_SICUGO4S,0,0.0032707983917596374
ID_TS_NEW_GD04IUBU,1,0.9989285873288246
ID_TS_NEW_B1PHIAV7,1,0.623592124247992
ID_TS_NEW_ZW9VQCNA,1,0.9377146971736282
ID_TS_NEW_W984J50I,1,0.6116553840111786
ID_TS_NEW_IHCQY6NW,1,0.9874795657744709
ID_TS_NEW_RO4UI4OZ,0,0.020466799745481948
ID_TS_NEW_H5ROJ86H,0,0.040862885262175325
ID_TS_NEW_873F8CT4,0,0.0018759215078438757
ID_TS_NEW_AJQLAN52,1,0.9716206293574714
ID_TS_NEW_IPKZNIG4,1,0.8623717975952059
ID_TS_NEW_0UJHS08O,0,0.0021927392622182007
ID_TS_NEW_D72PLI7P,1,0.9223515987918478
ID_TS_NEW_8ZKVOTOO,1,0.9791977689903827
ID_TS_NEW_KO31RKB4,0,0.0026862909116536194
ID_TS_NEW_SW265M3W,1,0.9791851197982993
ID_TS_NEW_AUCS9HJ7,1,0.9972329537513952
ID_TS_NEW_QM19T1MG,1,0.9663538469186247
ID_TS_NEW_DS9GMA00,1,0.9806278313865029
ID_TS_NEW_3VTKFIA2,0,0.0011015328389812225
ID_TS_NEW_MI5X0N2B,0,0.09351896592915687
ID_TS_NEW_VG0MW3VQ,0,0.003665854762497378
ID_TS_NEW_MA3UTG0V,1,0.8145484779944244
ID_TS_NEW_UW01VY97,0,0.0012129708613622453
ID_TS_NEW_16NMLX5O,0,0.08102649381702984
ID_TS_NEW_6ND66KN2,1,0.9928064678246249
ID_TS_NEW_599B8OTC,1,0.8011605819351393
ID_TS_NEW_8FE7IAL3,0,0.0036753153222537226
ID_TS_NEW_NUE1CTF8,1,0.9288584038485858
ID_TS_NEW_ONOD8BQW,0,0.00113064883401441
ID_TS_NEW_WQIIPD9K,1,0.9930799113246785
ID_TS_NEW_DXEQJ3BZ,0,0.0023055156399138595
ID_TS_NEW_ZGFZURMY,0,0.005639031621669177
ID_TS_NEW_4H1XMYRJ,1,0.9747960808137008
ID_TS_NEW_J58JBZBE,1,0.860586566022672
ID_TS_NEW_YKR2C9TW,1,0.9960933333280962
ID_TS_NEW_PMPE9EKK,1,0.966123845266066
ID_TS_NEW_F31V7CSA,0,0.007333701337995418
ID_TS_NEW_KOD0K8F7,0,0.002163313065724402
ID_TS_NEW_21HVN07S,1,0.7959568191168035
ID_TS_NEW_1Z98XIFK,1,0.9855503937750062
ID_TS_NEW_CRSGBJ05,1,0.7849758765830218
ID_TS_NEW_JWBAPTGK,1,0.6198032382626706
ID_TS_NEW_BMK3T54Y,1,0.5616506990644613
ID_TS_NEW_PPV50YOA,1,0.9843229956851938
ID_TS_NEW_6GB9NIP1,1,0.986045659915112
ID_TS_NEW_NET4XV49,1,0.9923234236660632
ID_TS_NEW_0XQ8B0DG,0,0.001182198957435179
ID_TS_NEW_BYMKVNU9,0,0.000409969914184137
ID_TS_NEW_07VU7AYD,1,0.9937134513336612
ID_TS_NEW_241G22NO,1,0.951411888798716
ID_TS_NEW_LWTQM9C9,1,0.8104186195347077
ID_TS_NEW_BQDD9W1X,0,0.33870798953815917
ID_TS_NEW_RSEPFRWH,1,0.7475852145644636
ID_TS_NEW_2ZFLXWNT,1,0.995089764063191
ID_TS_NEW_N1YX1AZF,1,0.9978044233074246
ID_TS_NEW_LYCATLVE,0,0.007041742082782565
ID_TS_NEW_SZGMN2ON,0,0.3998794753225473
ID_TS_NEW_7RI5I6A5,1,0.9387112715986768
ID_TS_NEW_BNW7GE9H,1,0.9325901433466817
ID_TS_NEW_9C7NLOUP,0,0.037550375412547674
ID_TS_NEW_T1Y2EK3V,0,0.35170014778656966
ID_TS_NEW_7PNY5JTW,1,0.9919381192983912
ID_TS_NEW_CVD4XYUJ,0,0.0012244786468533313
ID_TS_NEW_08LXR7W6,1,0.9643418246887269
ID_TS_NEW_OKZO45JO,0,0.29750772984067875
ID_TS_NEW_9SU8HXW9,0,0.000514888495376832
ID_TS_NEW_06KY9UJ2,1,0.9098983366993836
ID_TS_NEW_JO0GH1OO,0,0.005744160316889074
ID_TS_NEW_EFJTI828,1,0.9263628755221984
ID_TS_NEW_WB2EC0I4,0,0.0016573163214016581
ID_TS_NEW_9X9B8YIA,1,0.9780187932163283
ID_TS_NEW_BPPRZXK4,1,0.9925615116190802
ID_TS_NEW_3O9CNLQI,1,0.9722231170998045
ID_TS_NEW_OGP9Y71P,1,0.9928212019861573
ID_TS_NEW_PHE5MOZA,0,0.40366388277033455
ID_TS_NEW_F6OCM3ZV,1,0.9918138355617051
ID_TS_NEW_9KWKF9NV,0,0.002485923455951254
ID_TS_NEW_N6WLLS8S,0,0.1605034536370789
ID_TS_NEW_45K3JAJL,1,0.5080358387375561
ID_TS_NEW_HT8D1JR3,1,0.9647928891125294
ID_TS_NEW_UOBHC38I,1,0.8298548394126952
ID_TS_NEW_AXL426AU,0,0.001182947065709053
ID_TS_NEW_LZ1XASI6,1,0.9820926283952043
ID_TS_NEW_ZQFF99LO,0,0.003261997241262641
ID_TS_NEW_50P1ZR2Q,1,0.8215274576151955
ID_TS_NEW_10WZUUIN,1,0.9726710999695249
ID_TS_NEW_F3DHXOCW,1,0.9931576118869907
ID_TS_NEW_RA18F8RX,0,0.002742658076032124
ID_TS_NEW_FGCB2475,1,0.9860331722686458
ID_TS_NEW_C4XXMZHC,0,0.0016346404830700214
ID_TS_NEW_6WQM99JC,1,0.9821576698647168
ID_TS_NEW_3W768OAG,0,0.002077878853629255
ID_TS_NEW_15M9TH0T,0,0.00041440722190613647
ID_TS_NEW_KCHCI716,0,0.1310372088399847
ID_TS_NEW_S7PTDWYJ,1,0.935308864038208
ID_TS_NEW_YSIHMUE3,1,0.9766281848765949
ID_TS_NEW_R8HHF7N2,0,0.0003279938190272466
ID_TS_NEW_CAU4JI0A,0,0.001110568284826057
ID_TS_NEW_15IYYDJG,1,0.9711650026741985
ID_TS_NEW_U4ZG1QPF,0,0.002340417081121134
ID_TS_NEW_DOI2V87G,1,0.9957267027135412
ID_TS_NEW_06VNWQQY,1,0.9810995870324969
ID_TS_NEW_L4979A3K,1,0.9881831281958358
ID_TS_NEW_RX91IYK5,0,0.13185698537950186
ID_TS_NEW_UYX7G2HS,0,0.012644817071986652
ID_TS_NEW_RZU3MUHQ,1,0.8225599514635618
ID_TS_NEW_FMOQOQQ7,0,0.011770189457761723
ID_TS_NEW_NT3NPGE8,1,0.9984612986102722
ID_TS_NEW_YDXMZ3SR,0,0.0032139510709895034
ID_TS_NEW_WBKYZZXX,1,0.9970872437493523
ID_TS_NEW_Z7WHKS3T,0,0.4310513363753968
ID_TS_NEW_V18QL4VJ,1,0.9733459190088264
ID_TS_NEW_B6AVU00V,1,0.9086989861445386
ID_TS_NEW_PL696U0H,1,0.7636141474320044
ID_TS_NEW_BSR1TN5X,1,0.9785290673842522
ID_TS_NEW_HGA2YW48,0,0.05924524988474718
ID_TS_NEW_ABR393FD,0,0.07344898974853246
ID_TS_NEW_9OVGM878,1,0.5532229216504261
ID_TS_NEW_6CGN5JCU,0,0.00015853663630989415
ID_TS_NEW_BHMJ42LB,1,0.7459078618969278
ID_TS_NEW_RT7J1KH3,0,0.02712398069481947
ID_TS_NEW_TOD2UYV3,0,0.006007206175735591
ID_TS_NEW_B33WNMN3,1,0.9990826261882834
ID_TS_NEW_3C7V259U,1,0.9928164097563795
ID_TS_NEW_RQBGGG9T,0,0.011355886864407241
ID_TS_NEW_U54DFR7B,0,0.15455918215807984
ID_TS_NEW_O6IFBH76,1,0.9893147091634269
ID_TS_NEW_FBVNRB5Q,1,0.878491584441363
ID_TS_NEW_6VURNWUH,0,0.004428983739664676
ID_TS_NEW_85X8EE04,0,0.005941891729542897
ID_TS_NEW_KLPUOOY4,1,0.7537649764188925
ID_TS_NEW_PXI6OT32,1,0.9908882806351684
ID_TS_NEW_54YB9PAF,1,0.9781991961589263
ID_TS_NEW_AJQ25E1G,1,0.9118774646239369
ID_TS_NEW_22Q0CVT6,0,0.0032421204551382984
ID_TS_NEW_I10RD2RL,1,0.9555792816554173
ID_TS_NEW_LTR2QCUY,1,0.5144555771740774
ID_TS_NEW_3VV32XQX,0,0.0018501674862606394
ID_TS_NEW_VFXWCQH4,0,0.00044197098963931415
ID_TS_NEW_FPIONUVS,1,0.9770731245784741
ID_TS_NEW_UZV8VPGJ,0,0.00044383371137390236
ID_TS_NEW_FM3N3F71,1,0.9838518759909586
ID_TS_NEW_QA3IC9KD,1,0.9810979221581972
ID_TS_NEW_HVKYTOZS,1,0.9863247603013171
ID_TS_NEW_DQOADKC1,0,0.021973510145230503
ID_TS_NEW_CDE19IT9,0,0.0037392564624315716
ID_TS_NEW_GH344KGC,1,0.675937141225801
ID_TS_NEW_R2T5XDBA,1,0.9890296423872924
ID_TS_NEW_H3K52PWR,1,0.9732992185812958
ID_TS_NEW_CFNGOBMV,0,0.005017518961167742
ID_TS_NEW_T4ZX0TI9,1,0.9485424319442833
ID_TS_NEW_G1Z2IQMJ,1,0.8908563944936295
ID_TS_NEW_5ZYQLFA4,1,0.9690901850129069
ID_TS_NEW_M3VFN3GR,0,0.04226398718966546
ID_TS_NEW_6ALLJGSU,1,0.9926431124137463
ID_TS_NEW_LUO5HB2Z,1,0.9863633744505549
ID_TS_NEW_TT29SXH6,0,0.00046467985061575965
ID_TS_NEW_HGPMD5LQ,0,0.002524983377467516
ID_TS_NEW_EVIY7CFX,1,0.8898904774931281
ID_TS_NEW_YFECGGWI,1,0.9921379518228951
ID_TS_NEW_TNQOCA6P,0,0.005055041826559508
ID_TS_NEW_CS0G1TDW,0,0.017029450975340758
ID_TS_NEW_11OXJ167,0,0.00035641860711940635
ID_TS_NEW_EDU28KVK,0,0.005202969679552982
ID_TS_NEW_7CJUBG12,1,0.9847292779942896
ID_TS_NEW_58AGE9UU,1,0.9827839273466735
ID_TS_NEW_5VCZRPNT,0,0.327137370837823
ID_TS_NEW_KVVOH9EG,1,0.8493876008011023
ID_TS_NEW_REIJDWOE,1,0.9553978374748201
ID_TS_NEW_N0EJ1HEN,1,0.9772809708906252
ID_TS_NEW_LJZ4MO7L,1,0.9900191064881262
ID_TS_NEW_QUZTA2JQ,1,0.9897085996797953
ID_TS_NEW_F27CKE40,0,0.0008963913431067379
ID_TS_NEW_Y9RIWYH4,0,0.001628884061335031
ID_TS_NEW_MOFMXDN5,1,0.7984475982272733
ID_TS_NEW_B7QWVT3L,0,0.11540883921942534
ID_TS_NEW_JY8CIFZT,1,0.8636522832769921
ID_TS_NEW_5NOABH62,0,0.0005813739081110242
ID_TS_NEW_UJGGK7TR,0,0.07004040057804306
ID_TS_NEW_STSN1YHF,0,0.0051652434907885555
ID_TS_NEW_KHNO9WA2,0,0.0038969104022983482
ID_TS_NEW_23YTIWZS,0,0.005059064341112028
ID_TS_NEW_CWP6UK74,0,0.007112744260912344
ID_TS_NEW_DTFI1IY4,1,0.9874607544467237
ID_TS_NEW_ZLQ0Z6PC,0,0.02477839527345296
ID_TS_NEW_UP5ZZ8UG,0,0.0036580033738870424
ID_TS_NEW_K99F83M7,0,0.04152874007155067
ID_TS_NEW_RKDRZJJ1,1,0.9889345167821326
ID_TS_NEW_R8LFTJ2J,0,0.0022821178405075643
ID_TS_NEW_RIFCBG2N,1,0.5760472139147156
ID_TS_NEW_AFKKUQN9,1,0.9133565642199676
ID_TS_NEW_LJQRQ88R,1,0.9737829653039383
ID_TS_NEW_H7VOTRPD,0,0.0020361572976449597
ID_TS_NEW_60OOD3ZZ,1,0.885446862754789
ID_TS_NEW_EOT5KPEQ,0,0.00017043449934639956
ID_TS_NEW_S05UNLM3,0,0.0008374194591661085
ID_TS_NEW_TEJAQVXV,0,0.0012940989968779717
ID_TS_NEW_G69T8ZJA,1,0.9950470873716044
ID_TS_NEW_D7DQRQAZ,0,0.004175265121605992
ID_TS_NEW_6MUUXPH8,1,0.9362520093414601
ID_TS_NEW_L62BSQEH,0,0.009322706013138522
ID_TS_NEW_OMNNTS0V,1,0.7333000040464606
ID_TS_NEW_OTTZX8S1,0,0.0011438970771541677
ID_TS_NEW_1RB4ZKC2,1,0.9855984007269541
ID_TS_NEW_AR58BTVE,1,0.9907698500439217
ID_TS_NEW_TKUUKF6I,1,0.980138295813161
ID_TS_NEW_17H5H6XP,1,0.7643232892395008
ID_TS_NEW_T41G2DDD,0,0.00016299057482946808
ID_TS_NEW_RYPIPHV4,0,0.0016902911881168888
ID_TS_NEW_NJCQ15ZY,1,0.9947771583328492
ID_TS_NEW_LK451D9G,0,0.004590067997309522
ID_TS_NEW_98AEJE62,1,0.9034872658348128
ID_TS_NEW_SQ9G9PVO,1,0.9882741968033252
ID_TS_NEW_SI6TA9KI,0,0.00227085805687659
ID_TS_NEW_JHU6MG2B,1,0.9907710630110458
ID_TS_NEW_QSV58M51,1,0.9608194865357258
ID_TS_NEW_O9VFBVDA,0,0.03891801333905148
ID_TS_NEW_VAJNXRAS,1,0.8039142859660755
ID_TS_NEW_I4800P8U,1,0.9089414354132949
ID_TS_NEW_7M6RU7A6,0,0.023121318270740956
ID_TS_NEW_2F574JVS,0,0.050044059651474355
ID_TS_NEW_IGE8Q8EO,0,0.004518308025778632
ID_TS_NEW_A8GB6ZHI,0,0.0006053038185123883
ID_TS_NEW_VKVY135X,1,0.9186556691153535
ID_TS_NEW_FYU8VT0O,1,0.7383052614427054
ID_TS_NEW_Q74YPXGC,1,0.9949675419789868
ID_TS_NEW_7I7X9LYN,1,0.9853128253374787
ID_TS_NEW_IVMA2Y87,0,0.0012143685814661601
ID_TS_NEW_VEI120DX,0,0.11516916680774263
ID_TS_NEW_O8BXGQEE,1,0.995005976956154
ID_TS_NEW_6JY8SNMG,1,0.8785473865412808
ID_TS_NEW_VD9XZOXS,1,0.8106938218125284
ID_TS_NEW_P5MJJJAQ,1,0.8562396935599168
ID_TS_NEW_W2V7EFZ1,1,0.6416723851379527
ID_TS_NEW_9G9SBX90,0,0.030006764624801428
ID_TS_NEW_VCPDZBH0,0,0.4907186583046031
ID_TS_NEW_UID38FVV,0,0.0017543024466335183
ID_TS_NEW_FCGZ0FWE,0,0.005271210498263227
ID_TS_NEW_GWR5JYME,0,0.47779906387240123
ID_TS_NEW_QEOU5F5D,1,0.9303623782817266
ID_TS_NEW_15QS2OWJ,1,0.9963781606004235
ID_TS_NEW_R9ONEUON,0,0.022016582653578688
ID_TS_NEW_3BPHOV8X,0,0.0018094273611397275
ID_TS_NEW_6EUOKYQG,0,0.004875405249984091
ID_TS_NEW_YD33AEIJ,1,0.9053974853254602
ID_TS_NEW_O4WIAVZE,1,0.946663993197439
ID_TS_NEW_719PIPMX,0,0.009387965795151706
ID_TS_NEW_8XPRNVFW,1,0.9921957090685583
ID_TS_NEW_0KWD29QW,0,0.0011172364836831436
ID_TS_NEW_MX9M43GA,0,0.00016943327318012772
ID_TS_NEW_4XRKPRCD,1,0.5706002368241665
ID_TS_NEW_NRM2HPYK,1,0.8188395841126413
ID_TS_NEW_WP3A4ZPP,1,0.9369211324645568
ID_TS_NEW_TSC7AU73,1,0.9937790756551014
ID_TS_NEW_0A4QC38H,0,0.00026269862669097387
ID_TS_NEW_CD6NOEII,1,0.7151421114600993
ID_TS_NEW_J2VHG8SF,1,0.9847136830702918
ID_TS_NEW_NPK6JRZN,1,0.9640135921759713
ID_TS_NEW_Q0UPI8AC,0,0.004968488465897165
ID_TS_NEW_T775YDOM,0,0.000369793458879662
ID_TS_NEW_KI0YVEFR,0,0.003788434931408078
ID_TS_NEW_9ST4WHKB,1,0.6231739885116594
ID_TS_NEW_M7D7QDLA,1,0.9435233099407171
ID_TS_NEW_SJPRTDZP,0,0.0025271163229107756
ID_TS_NEW_I4XGRMR3,1,0.9879620216958646
ID_TS_NEW_0MA9C1RO,1,0.9955723029423453
ID_TS_NEW_UON6LF6V,1,0.9754475459946204
ID_TS_NEW_5IATBV23,1,0.9928922100501983
ID_TS_NEW_40ED28PM,1,0.9604516930171079
ID_TS_NEW_F73RTVU6,0,0.0043936531561168555
ID_TS_NEW_JU913KS8,1,0.9679697453532969
ID_TS_NEW_LJFISIBD,1,0.9602499212916661
ID_TS_NEW_7NF2ABHO,0,0.0006234221265954173
ID_TS_NEW_IBCWEGPJ,0,0.0023606625653816394
ID_TS_NEW_01T3I13F,1,0.9896047801108981
ID_TS_NEW_C5LTMNBW,1,0.9771687728978198
ID_TS_NEW_M09FIGT7,1,0.9789740078022593
ID_TS_NEW_UTWNJYO0,0,0.0069730592440112905
ID_TS_NEW_ROSUF228,1,0.9382391936224315
ID_TS_NEW_FA5RTLK4,0,0.054078854640877354
ID_TS_NEW_T50CBLXJ,1,0.9851302501026438
ID_TS_NEW_RR65036C,0,0.007209775741698461
ID_TS_NEW_6AF9QJRM,1,0.9108740458776687
ID_TS_NEW_3GBS3RNM,0,0.0006535165083845667
ID_TS_NEW_9TAATNYV,1,0.9951257359544629
ID_TS_NEW_PFHD41J2,1,0.9783939254315452
ID_TS_NEW_36726SKB,0,0.0029385553383013824
ID_TS_NEW_82W12O2Z,1,0.6493018306835937
ID_TS_NEW_6KJDEK4T,1,0.5749953748457441
ID_TS_NEW_PH6DMDS2,0,0.00046101060325154456
ID_TS_NEW_6YZJCWNV,1,0.9716187966665573
ID_TS_NEW_A81CQTDL,0,0.005381963699978749
ID_TS_NEW_58VULSJN,1,0.9309211330849844
ID_TS_NEW_MJTLD2YP,0,0.20654875056530697
ID_TS_NEW_238A6XRR,0,0.0027657085593409303
ID_TS_NEW_T8BZ52U2,1,0.9459432369966124
ID_TS_NEW_7DR30MYB,1,0.521175737185221
ID_TS_NEW_J87HRVI7,1,0.9907360666295782
ID_TS_NEW_IVB4JD1E,0,0.0023354544402860674
ID_TS_NEW_0CGVBYES,0,0.09001610761297017
ID_TS_NEW_DXY53YSL,1,0.9734179748770461
ID_TS_NEW_VT67WIQ3,1,0.9654600095511429
ID_TS_NEW_M9I50GKP,0,0.018688195198713405
ID_TS_NEW_LWK3C5DG,0,0.0013599124171951261
ID_TS_NEW_KANAPXT9,0,0.0035014237380899794
ID_TS_NEW_DUJNNUP2,0,0.0008121774706753834
ID_TS_NEW_HYKKUVE7,1,0.930861354629559
ID_TS_NEW_TSDO00M0,0,0.006054729609093648
ID_TS_NEW_W6YMJWYA,1,0.9921881381008487
ID_TS_NEW_WKA7WT4K,0,0.007179086662163642
ID_TS_NEW_PKSDTK08,1,0.8118626010871943
ID_TS_NEW_SXY3ADTC,0,0.004788401118409861
ID_TS_NEW_1D47OL8R,1,0.980932763860108
ID_TS_NEW_52B6WJ32,1,0.9571713870806536
ID_TS_NEW_GRD3BLGR,1,0.9809875738853175
ID_TS_NEW_PH88CV2S,0,0.004300752066669471
ID_TS_NEW_9EYZ4TWS,1,0.9588031320185855
ID_TS_NEW_L5VGT8K9,0,0.0011354343368961462
ID_TS_NEW_WNPLGRYU,1,0.9223851073772856
ID_TS_NEW_0SE0V0AD,0,0.0001875367140039427
ID_TS_NEW_SYUPPUC5,0,0.001957909092668382
ID_TS_NEW_SIWH60UT,1,0.9842780450325485
ID_TS_NEW_86UJ8ZKD,1,0.9383779882731372
ID_TS_NEW_5GMK0Y4X,0,0.0016140619813339412
ID_TS_NEW_V3W27KFX,1,0.8730751306613291
ID_TS_NEW_XI7NCN4Q,0,0.0022765163281081766
ID_TS_NEW_SIEW7KQS,0,0.000775614351849225
ID_TS_NEW_WOYA4G0N,1,0.9703221910540607
ID_TS_NEW_ECDFVWQL,1,0.7961035972109036
ID_TS_NEW_4LUQAL3W,0,0.060143945346222936
ID_TS_NEW_2JG7DIKN,0,0.009085539972693778
ID_TS_NEW_1EUTB0SK,1,0.9927414506472433
ID_TS_NEW_37HYA1RO,1,0.993714284795859
ID_TS_NEW_JEZTBO7F,1,0.9680686663204976
ID_TS_NEW_9U8ETBNY,1,0.985445674357866
ID_TS_NEW_W2ZXQ2I9,0,0.10266028801726534
ID_TS_NEW_UE8WANCI,0,0.4915092716085736
ID_TS_NEW_6616WU68,0,0.006816572845576058
ID_TS_NEW_BKB0D2N7,1,0.98458017623379
ID_TS_NEW_SED7KJ45,0,0.15526163023703976
ID_TS_NEW_ZCGWMCR9,1,0.9613980990356338
ID_TS_NEW_LASK6X4Y,0,0.01468788137452751
ID_TS_NEW_B25ZNYXD,1,0.56440925662262
ID_TS_NEW_MGVDBRIV,1,0.9641920901724002
ID_TS_NEW_Q5PWQ0IX,1,0.9856039135727837
ID_TS_NEW_PCG5NEEF,0,0.06268837385976413
ID_TS_NEW_6WWW4AIU,1,0.9366219571639716
ID_TS_NEW_6394YNLS,1,0.8793894317884907
ID_TS_NEW_6WUJC7ED,0,0.0020910267655058256
ID_TS_NEW_YU8Y76XX,0,0.0011728176590249278
ID_TS_NEW_Z046L01H,1,0.986934671607113
ID_TS_NEW_NK7ZGMZT,0,0.0054931926483946045
ID_TS_NEW_A1WQRSJ2,0,0.02690019203429011
ID_TS_NEW_G7E8E105,1,0.9825762110459152
ID_TS_NEW_GWHC4PM8,1,0.9882997038747697
ID_TS_NEW_VOKEJ9FO,1,0.7047811941931608
ID_TS_NEW_JETPR092,0,0.348506128261694
ID_TS_NEW_IQNXWV25,1,0.9704374417353645
ID_TS_NEW_6Q13YN5R,0,0.11518897590800853
ID_TS_NEW_B3C6J7TB,1,0.9832153077776813
ID_TS_NEW_5ZF5JTCQ,1,0.9793356725990372
ID_TS_NEW_KXHEDXGC,1,0.9837480495886672
ID_TS_NEW_W7YGBSUG,1,0.5059118487965168
ID_TS_NEW_SGILTTR2,1,0.9578794520076688
ID_TS_NEW_EU3LSA56,0,0.0027760030156952337
ID_TS_NEW_P4QPUW0J,1,0.9599223019641744
ID_TS_NEW_4JBC53DI,0,0.0006254754720194113
ID_TS_NEW_79L0VLEC,0,0.046628927169389815
ID_TS_NEW_8H9WCE6X,1,0.8810419772010607
ID_TS_NEW_J3A73YWU,1,0.9224742861098351
ID_TS_NEW_CRVE0P7G,1,0.9707289794290784
ID_TS_NEW_KAN70U2W,0,0.0055657682521834
ID_TS_NEW_LMAQYMO5,1,0.8099106535403312
ID_TS_NEW_2CJXEMGJ,0,0.0008048291518924932
ID_TS_NEW_O8RBNO2U,1,0.9174115603281833
ID_TS_NEW_UKE6YBR0,0,0.004769061249461825
ID_TS_NEW_79R5TOCA,0,0.02619045720373001
ID_TS_NEW_ACVR02CF,1,0.9532432427813949
ID_TS_NEW_4BL73603,0,0.15153660199071461
ID_TS_NEW_87KXYDOK,1,0.8791992636226653
ID_TS_NEW_4V92H6YE,1,0.9939868441511491
ID_TS_NEW_7L054U62,0,0.0026600656461725843
ID_TS_NEW_Z3F45LL2,1,0.9598135615798276
ID_TS_NEW_3J5N3HVI,1,0.8471834304190435
ID_TS_NEW_ZOVSC6OJ,1,0.9670776730672155
ID_TS_NEW_GRPQOQ8I,0,0.0013887810852866854
ID_TS_NEW_FM6G6E5F,1,0.9671154862014535
ID_TS_NEW_88EXY6N1,1,0.969800799406676
ID_TS_NEW_I06FCSN6,1,0.997494946338222
ID_TS_NEW_CLQCH0JM,1,0.7918101622815936
ID_TS_NEW_9TJ5AHEG,0,0.0019312669888797366
ID_TS_NEW_G7A77A4N,0,0.2110027727264101
ID_TS_NEW_5EBFNDHQ,0,0.0036516890375521125
ID_TS_NEW_KGOC2NMK,1,0.9844561551025556
ID_TS_NEW_OYAAPB1V,1,0.9533953157276729
ID_TS_NEW_9M3HHAFV,0,0.003243473903860886
ID_TS_NEW_VK7NWT8K,0,0.0029701833874445963
ID_TS_NEW_EJ0B66LO,0,0.03710648272172975
ID_TS_NEW_XL0ELFDC,1,0.9897203271830244
ID_TS_NEW_7ND324MS,0,0.002710849525064803
ID_TS_NEW_PBR85N6S,1,0.9932100252613476
ID_TS_NEW_8AXJ3WIZ,0,0.00976952350762359
ID_TS_NEW_44GNQSRB,0,0.0023741325483762846
ID_TS_NEW_BWAZ7PCY,0,0.29097040006482333
ID_TS_NEW_X5YTCO1A,1,0.983747000199835
ID_TS_NEW_IHTNEHVD,1,0.9045834987674006
ID_TS_NEW_1PGIUBOK,1,0.8694395146982665
ID_TS_NEW_4GNA5VCY,0,0.18693042948756028
ID_TS_NEW_6YHIID35,0,0.005635116777591874
ID_TS_NEW_ZF2BP307,1,0.9099203985323956
ID_TS_NEW_G069C2A2,0,0.03219917246579579
ID_TS_NEW_TZSST3X3,1,0.9721971334775489
ID_TS_NEW_J68M3B4Y,1,0.9796817777578403
ID_TS_NEW_CRDQ4V9U,0,0.4466535271796307
ID_TS_NEW_22I6LG4H,1,0.8432887464559006
ID_TS_NEW_VIVX6ZUS,0,0.0014525141325121163
ID_TS_NEW_5JLPDXF3,1,0.9936174120214604
ID_TS_NEW_3R7HQZJX,0,0.0013759443998355623
ID_TS_NEW_0BPO1TCT,1,0.7196936248385826
ID_TS_NEW_FG1E0UGW,0,0.017550849758476785
ID_TS_NEW_FZWF5P9O,1,0.8301379213725473
ID_TS_NEW_UHIKA69U,1,0.686220407396859
ID_TS_NEW_ZEOZQ0IL,0,0.003996004831132091
ID_TS_NEW_6H6ZEGO1,0,0.2007015678330211
ID_TS_NEW_D61BK9QB,0,0.2194413735156272
ID_TS_NEW_QG38NVT3,0,0.0012975112842450683
ID_TS_NEW_Y60A2BGW,1,0.9888728601075628
ID_TS_NEW_RRI07J57,0,0.09742757481370055
ID_TS_NEW_ORFYH4QY,0,0.010290522904995986
ID_TS_NEW_OTWTCLZR,1,0.9954930662471806
ID_TS_NEW_RFPIZYME,0,0.007540174650435857
ID_TS_NEW_KDLRZNTP,1,0.7423032422031879
ID_TS_NEW_1Y5XBEJU,1,0.9939403424697599
ID_TS_NEW_S3YYRKN9,0,0.008334463191301404
ID_TS_NEW_QBK0B1AN,1,0.904961166551299
ID_TS_NEW_ETQGHLLG,0,0.12358950558095154
ID_TS_NEW_WXW6H2AJ,1,0.9930135118898883
ID_TS_NEW_RFXTF7XX,1,0.8975175863824456
ID_TS_NEW_AEJ8JS4K,0,0.28668998346843433
ID_TS_NEW_5W9WRER7,1,0.8669944383397213
ID_TS_NEW_GAD6EJ8A,1,0.9040382292880886
ID_TS_NEW_8B2C9I4A,0,0.03705039248104339
ID_TS_NEW_TN6KDDD6,0,0.004021147442792876
ID_TS_NEW_CBBS4ZIX,0,0.0034191906843413543
ID_TS_NEW_S9NS7C65,1,0.9647154747555327
ID_TS_NEW_KSOB30MV,0,0.4172811556027661
ID_TS_NEW_1SMQ86ZQ,1,0.9617384777886485
ID_TS_NEW_ERF29UBH,1,0.9978895059344721
ID_TS_NEW_AOKIO1OG,1,0.9662679891439823
ID_TS_NEW_TD11SRT3,1,0.8390821094603315
ID_TS_NEW_EAOGWQX8,0,0.0012109855229365065
ID_TS_NEW_GLXTRE4S,1,0.9938104777768874
ID_TS_NEW_GAG8B21V,1,0.9066037130875617
ID_TS_NEW_66KVEEP1,0,0.49121767256909143
ID_TS_NEW_IAA32RDQ,0,0.09367759009178313
ID_TS_NEW_SFPML3NY,0,0.0004119352831699227
ID_TS_NEW_70NUHS6B,1,0.9898654108536579
ID_TS_NEW_511UOY5Q,0,0.0034662803340080937
ID_TS_NEW_MBMRGQCN,1,0.9752390554568362
ID_TS_NEW_5P2S3VHA,0,0.0010827072075167002
ID_TS_NEW_BY813WTG,1,0.5733354306867746
ID_TS_NEW_94LCABSJ,1,0.8572453246121722
ID_TS_NEW_J7CQV2OR,1,0.991712440190578
ID_TS_NEW_DX9UEZQ6,1,0.9120999073642717
ID_TS_NEW_UTIV8DAV,1,0.8272717171949681
ID_TS_NEW_NU6QEONN,1,0.9832133791535912
ID_TS_NEW_HBB8QC2Z,1,0.8754660350684622
ID_TS_NEW_WFN6PSBM,1,0.9971572993428245
ID_TS_NEW_4B1KXAYG,0,0.0012372344525564925
ID_TS_NEW_XOP2L4TL,0,0.372400537217223
ID_TS_NEW_4CLM2M7U,1,0.9864470814862711
ID_TS_NEW_CK2GEQJP,1,0.9928015059657576
ID_TS_NEW_HTKVLIGO,1,0.9343868492935037
ID_TS_NEW_A4ILPABR,0,0.005896249643530682
ID_TS_NEW_UEPO198T,1,0.9245582738261522
ID_TS_NEW_JM1AS8KD,0,0.001542902773374087
ID_TS_NEW_NLZ1JO33,0,0.0006116535803216231
ID_TS_NEW_SIN064PB,0,0.00021308239557824238
ID_TS_NEW_ACGJ7C2O,1,0.6934495638183366
ID_TS_NEW_AQKYFFPQ,1,0.8395547348737022
ID_TS_NEW_FF0WBNVZ,0,0.0006553090855938211
ID_TS_NEW_0LSF64PT,0,0.002726028661630918
ID_TS_NEW_40N3QOXJ,0,0.4145841712798092
ID_TS_NEW_5H5R6AXE,1,0.9912603166068644
ID_TS_NEW_4T0QXPVS,0,0.06060686442409287
ID_TS_NEW_LAMABXQ5,1,0.940397501619539
ID_TS_NEW_DLGS1HL8,1,0.9598495528971507
ID_TS_NEW_JRDG8UWG,1,0.9490152514225147
ID_TS_NEW_W5LO92UB,1,0.9939921759230445
ID_TS_NEW_M0H0NQHJ,0,0.09078035045641593
ID_TS_NEW_UDXQ8O8W,0,0.11278978387355214
ID_TS_NEW_884TR3E3,0,0.4302049856570392
ID_TS_NEW_U86UBMI1,0,0.026758659832463394
ID_TS_NEW_YXJ2J8HD,1,0.9738172168428743
ID_TS_NEW_VNPS74X8,1,0.9886529075413004
ID_TS_NEW_DJIWCFC8,0,0.01339949380911811
ID_TS_NEW_0JAKY2IZ,0,0.0019400342277086384
ID_TS_NEW_1PJ03QE3,1,0.9461297558449518
ID_TS_NEW_U5TO402A,1,0.5510508572953801
ID_TS_NEW_IQKCEYVA,0,0.0015644824806250047
ID_TS_NEW_HR7PDPR6,0,0.0013486015189343424
ID_TS_NEW_TGTR4CJR,0,0.0019757295156092227
ID_TS_NEW_8PFPLVNZ,0,0.2973949733241215
ID_TS_NEW_VFDHDXKW,1,0.98727907834084
ID_TS_NEW_EU7YDFQD,0,0.0004168070797112244
ID_TS_NEW_M94MF2ZN,0,0.00749146647849942
ID_TS_NEW_J9F7ZC0K,0,0.35672697515005286
ID_TS_NEW_N684CKRM,1,0.7959946687691428
ID_TS_NEW_4XDWFTJK,0,0.006222764510561441
ID_TS_NEW_70BIIG68,1,0.9352996597574835
ID_TS_NEW_OONQKG71,1,0.9855688859349945
ID_TS_NEW_YXLQKPA7,1,0.631892990368774
ID_TS_NEW_3NN91B2N,1,0.9782564434214289
ID_TS_NEW_0LTO3Z4Z,0,0.000258068439347744
ID_TS_NEW_V86PRKW6,1,0.9421661129337847
ID_TS_NEW_LKZRCSQA,1,0.9895465547422806
ID_TS_NEW_EHKJQ6GN,1,0.994980418816169
ID_TS_NEW_IM7M56QA,0,0.0009459479580245004
ID_TS_NEW_9F4POYGT,0,0.0017155622968421627
ID_TS_NEW_J757LPE4,1,0.932824266258426
ID_TS_NEW_A0PJQFN1,0,0.0007515538511806634
ID_TS_NEW_3NQAGX0G,1,0.6130827047925287
ID_TS_NEW_CI2Q0S1T,0,0.009886521050842813
ID_TS_NEW_69GQ0B3G,0,0.0004884423807404106
ID_TS_NEW_E22OVY3B,0,0.02414252244425757
ID_TS_NEW_2UU7FAJ7,1,0.6381776581687596
ID_TS_NEW_IAH6DRG2,0,0.002891998719730586
ID_TS_NEW_D1K1CZQG,0,0.14055440602640593
ID_TS_NEW_GOA69JTJ,1,0.9935831458665837
ID_TS_NEW_TAZQND4Q,1,0.9193940054323081
ID_TS_NEW_O17QIKCH,1,0.9668130700929555
ID_TS_NEW_PQ3WKA8R,1,0.7561074525800299
ID_TS_NEW_CFBDF436,0,0.002032015331769226
ID_TS_NEW_GYRBFGVZ,1,0.9818641368141428
ID_TS_NEW_IU6MN2VO,0,0.006606971876264903
ID_TS_NEW_QP7BS9JE,1,0.804630091965873
ID_TS_NEW_TENA028H,1,0.694930326258967
ID_TS_NEW_Z0YAT6VV,1,0.9818293493010157
ID_TS_NEW_31H10R15,1,0.959235827108215
ID_TS_NEW_63OVN901,1,0.983856726346018
ID_TS_NEW_FWNORAZR,0,0.07818789131604095
ID_TS_NEW_I4T0FYO7,1,0.9221019154424589
ID_TS_NEW_PADJVEL9,1,0.9835252127005876
ID_TS_NEW_Y1XD0NDO,1,0.9192104090713039
ID_TS_NEW_BJ1E37GM,0,0.00016964694961272441
ID_TS_NEW_28N84RMD,0,0.008568072960537422
ID_TS_NEW_2TUHK4JZ,1,0.9372968254835136
ID_TS_NEW_C4SWC6CI,1,0.6845862237630694
ID_TS_NEW_8JPACMZ0,1,0.9887806872079659
ID_TS_NEW_YA6ID37J,1,0.981198685426436
ID_TS_NEW_PJK2JM5O,1,0.9455941852711255
ID_TS_NEW_0W3A96EN,1,0.9417228125389564
ID_TS_NEW_1XLEXD6L,0,0.003988985765892866
ID_TS_NEW_VZSJ2ULH,0,0.002718483256823494
ID_TS_NEW_3EEFR82X,1,0.9909457374671411
ID_TS_NEW_FWM5SFO3,1,0.9727836889243604
ID_TS_NEW_RL6MX7V9,1,0.9893790933660603
ID_TS_NEW_C7T1QVZB,1,0.9917568610676639
ID_TS_NEW_WUI1OUI7,0,0.07950070182764087
ID_TS_NEW_MMYKJQ8S,1,0.9484903601658221
ID_TS_NEW_461NZIN9,0,0.002146094156232639
ID_TS_NEW_6LDM3EK2,1,0.9009810511647279
ID_TS_NEW_SVISFCCQ,1,0.991526172872431
ID_TS_NEW_HJV4LX31,0,0.053190262838832096
ID_TS_NEW_BJSXG3IM,1,0.9341736535852898
ID_TS_NEW_GRYI9G1C,1,0.9806784285954844
ID_TS_NEW_15DVCMZZ,1,0.9466087306479241
ID_TS_NEW_C7CX28F0,1,0.9326350220913429
ID_TS_NEW_AJQJ6B51,1,0.9499233949115924
ID_TS_NEW_6P22MWQ6,0,0.0014670968995336938
ID_TS_NEW_RT36YQ9N,1,0.9765464939363802
ID_TS_NEW_7OZBWMW9,1,0.9505496081183951
ID_TS_NEW_FRQ38H3M,0,0.3064581736636372
ID_TS_NEW_8TGU2OAE,0,0.001899142448470009
ID_TS_NEW_SPRIILK7,1,0.9270160116310187
ID_TS_NEW_IMZZ7Q8V,1,0.9611337772515705
ID_TS_NEW_8WAG4U9S,0,0.4369080453953925
ID_TS_NEW_Z9VETR2N,0,0.24620766440424716
ID_TS_NEW_XCJRPPVB,1,0.9744120936349052
ID_TS_NEW_V42AHOA4,1,0.655563454485274
ID_TS_NEW_OHCAMKEO,0,0.00032539099141884773
ID_TS_NEW_TPLBTJ5D,0,0.0004376878113087677
ID_TS_NEW_RAHI9TZ1,1,0.967642036035542
ID_TS_NEW_45CI25AB,1,0.9845022776158263
ID_TS_NEW_R3GGH4HK,1,0.9663927863813476
ID_TS_NEW_X4Q2NH9A,0,0.04464614966682009
ID_TS_NEW_R4ED30RZ,1,0.5736177512450901
ID_TS_NEW_DF8P8Y2S,0,0.004157407892651179
ID_TS_NEW_B1JCEBZ0,0,0.002184203092827944
ID_TS_NEW_YSQKSDYI,0,0.0005608845884943145
ID_TS_NEW_66NUKEUB,1,0.9554848994423072
ID_TS_NEW_963TLJIC,0,0.15072249010922634
ID_TS_NEW_D38BA796,1,0.9349042084513542
ID_TS_NEW_C00NIPXD,0,0.005562804693685309
ID_TS_NEW_9RVB7PRI,0,0.00023719008581483944
ID_TS_NEW_I1LU5Q2K,0,0.04248996289073142
ID_TS_NEW_0JAHMH31,1,0.9712884893929009
ID_TS_NEW_GWV3YEXA,1,0.9657417080050563
ID_TS_NEW_7KA55JG8,0,0.000807725180118226
ID_TS_NEW_YGYKL4KQ,0,0.0011133553431640787
ID_TS_NEW_MZ9W3F31,1,0.9480308914431187
ID_TS_NEW_O3D090K9,1,0.9687883800298654
ID_TS_NEW_F0ASU9RB,1,0.5486921910807329
ID_TS_NEW_B5HB8CEW,0,0.001788976422642118
ID_TS_NEW_LYDF5CSF,0,0.0010199986256220085
ID_TS_NEW_1HD6HIHG,1,0.9923743569293739
ID_TS_NEW_L8ES1CW9,0,0.0005618641389386898
ID_TS_NEW_94X2H91Y,1,0.9863002082087048
ID_TS_NEW_0PUBZVX4,0,0.10019438179876078
ID_TS_NEW_MV1T6BUQ,1,0.9287541936108227
ID_TS_NEW_HM99C5OH,1,0.9802082843532492
ID_TS_NEW_F9EAQ7NH,1,0.6213545636763249
ID_TS_NEW_H8HMBK0P,1,0.9293147448281813
ID_TS_NEW_UPUUEAMV,0,0.001744376838526737
ID_TS_NEW_Y4B68E9O,0,0.002401887782676734
ID_TS_NEW_6W0PZT0P,0,0.0017296293341983366
ID_TS_NEW_VK1XTOP8,0,0.005511097602856887
ID_TS_NEW_WRFV0DTV,0,0.004624034700228067
ID_TS_NEW_NRWGWHPE,0,0.1827181747586686
ID_TS_NEW_D6FHITKM,0,0.3071179721854417
ID_TS_NEW_E2LI1BWR,1,0.6989000200881565
ID_TS_NEW_ZBB5IR6D,0,0.0013692258796501264
ID_TS_NEW_C39WCSM2,1,0.9967775453363186
ID_TS_NEW_FO2MKW8D,1,0.9025587051080779
ID_TS_NEW_6610GQ4K,0,0.0015534619737218583
ID_TS_NEW_4VWLX7CR,1,0.9756718058809227
ID_TS_NEW_HLTFMUB7,0,0.0036356755339658348
ID_TS_NEW_NK8YMUPS,1,0.9666149898229507
ID_TS_NEW_XYWG3V75,1,0.9580240366747476
ID_TS_NEW_73369R7N,0,0.007630072241409972
ID_TS_NEW_KEGBLY3M,0,0.0010731876000845285
ID_TS_NEW_LUUBPK4S,1,0.9716089599273057
ID_TS_NEW_DMGI7V2M,0,0.014462217426538367
ID_TS_NEW_H4PC0W2X,0,0.0009347753029012981
ID_TS_NEW_K54YACSR,0,0.15656723427151342
ID_TS_NEW_B4WPDCRR,1,0.7349458003381748
ID_TS_NEW_KS00BCG6,1,0.9900370937022158
ID_TS_NEW_43ER9V9O,0,0.025908687069991287
ID_TS_NEW_F7PS2CVN,1,0.8379177631058596
ID_TS_NEW_11OSM6VP,0,0.005693934785964101
ID_TS_NEW_HZNASSZG,1,0.9961352213354017
ID_TS_NEW_CT8291Q0,0,0.05966699828243252
ID_TS_NEW_8AALHLKW,1,0.8421064602649204
ID_TS_NEW_56KWODLL,0,0.012531802089670734
ID_TS_NEW_WY3KLABY,1,0.9401585134517698
ID_TS_NEW_EWZ7LQLQ,0,0.005272468630397268
ID_TS_NEW_7E8MVE82,1,0.9671082842761441
ID_TS_NEW_3GHR49ZB,1,0.6469741646334561
ID_TS_NEW_PKUH43JS,0,0.0016375444029136405
ID_TS_NEW_OKTJ85M9,1,0.5674819948210034
ID_TS_NEW_PX01I8GZ,1,0.931793605502981
ID_TS_NEW_PUD7KAVY,1,0.9765480232840464
ID_TS_NEW_DLW8WIPJ,0,0.0004380288590250514
ID_TS_NEW_TBY1IZA4,0,0.0003810600298858084
ID_TS_NEW_VPZFVM3E,0,0.0027803488817599634
ID_TS_NEW_RA6FO033,0,0.0003716586904818986
ID_TS_NEW_8I5X5NQ7,1,0.9639694115503037
ID_TS_NEW_U1YRPFUA,1,0.8759326164074775
ID_TS_NEW_UIS4B2MM,1,0.7680038483869
ID_TS_NEW_YYOSC0BB,0,0.39724435808319053
ID_TS_NEW_LE375J0J,1,0.7506056523512165
ID_TS_NEW_ZYR39WCP,1,0.9939380153948263
ID_TS_NEW_S5NHZR8Z,0,0.03145662908988457
ID_TS_NEW_K13QU48R,1,0.9806959495298178
ID_TS_NEW_URRKRQIT,1,0.9962702525266774
ID_TS_NEW_SNWDIVQC,0,0.0013465921585045575
ID_TS_NEW_PU4TWGVJ,0,0.03401421468753137
ID_TS_NEW_DLHNL6WW,0,0.002863878653412085
ID_TS_NEW_RFBCIMPB,1,0.6751854929882138
ID_TS_NEW_Y580TZYD,0,0.002125437816157513
